IM,NM,DR,RG,CM,TL,AT,Horario
3123, FARMACIA LA BOTIKA,maipu n° 421,3,21,+56522215236,0,"{'semana': 'Lunes - Viernes: 09:00 a 21:30 hrs.<br>Sábado: 10:00 a 21:30 hrs.<br>Domingo: Cerrado<br>', 'dia': 'Viernes: 09:00 a 21:30 hrs.<br>', 'turno': ''}"
6013,24 HORAS,21 de mayo 497,15,1,+562252778,0,"{'semana': 'Lunes - Domingo: 00:00 a 24:00 hrs.<br>Festivos: 00:00 a 24:00 hrs.<br>', 'dia': 'Viernes: 00:00 a 24:00 hrs.<br>', 'turno': ''}"
9239,24 HORAS,18 de septiembre 1061,15,1,,0,"{'semana': 'Lunes - Sábado: 09:00 a 21:00 hrs.<br>Domingo: Cerrado<br>', 'dia': 'Viernes: 09:00 a 21:00 hrs.<br>', 'turno': ''}"
5263,24 HORAS,chacabuco 410,15,1,+5654133074,0,"{'semana': 'Lunes - Viernes: 08:00 a 23:00 hrs.<br>Sábado - Domingo: 09:00 a 23:00 hrs.<br>Festivos: 09:00 a 23:00 hrs.<br>', 'dia': 'Viernes: 08:00 a 23:00 hrs.<br>', 'turno': ''}"
3247,AHUMADA,21 de mayo 359,15,1,+562256659,1,"{'semana': 'Lunes - Viernes: 09:00 a 19:00 hrs.<br>Sábado: 10:00 a 16:00 hrs.<br>Domingo: Cerrado<br>', 'dia': 'Viernes: 09:00 a 19:00 hrs.<br>', 'turno': ''}"
3252,AHUMADA,18 de septiembre 1402,15,1,+562231724,1,"{'semana': 'Lunes - Viernes: 09:00 a 21:00 hrs.<br>Sábado: 10:00 a 21:00 hrs.<br>Domingo: 10:00 a 20:00 hrs.<br>Festivos: 10:00 a 20:00 hrs.<br>', 'dia': 'Viernes: 09:00 a 21:00 hrs.<br>', 'turno': ''}"
4091,AHUMADA,av. pedro aguirre cerda nº9400,2,12,,1,"{'semana': 'Lunes - Sábado: 10:00 a 19:30 hrs.<br>Domingo: Cerrado<br>', 'dia': 'Viernes: 10:00 a 19:30 hrs.<br>', 'turno': ''}"
8070,AMAUTA,21 de mayo 780,15,1,+56982933803,0,"{'semana': 'Lunes - Viernes: 07:15 a 21:00 hrs.<br>Domingo: 10:30 a 17:00 hrs.<br>Sábado: Cerrado<br>Festivos: 10:30 a 17:00 hrs.<br>', 'dia': 'Viernes: 07:15 a 21:00 hrs.<br>', 'turno': ''}"
4580,ANGEL,21 de mayo 632,15,1,+56582431036,0,"{'semana': 'Lunes - Viernes: 10:30 a 20:30 hrs.<br>Sábado: 11:00 a 20:00 hrs.<br>Domingo: Cerrado<br>', 'dia': 'Viernes: 10:30 a 20:30 hrs.<br>', 'turno': ''}"
9136,ARUMI,21 de mayo 200,15,1,+56941146540,0,"{'semana': 'Lunes - Viernes: 09:00 a 19:00 hrs.<br>Sábado: 10:00 a 15:00 hrs.<br>Domingo: Cerrado<br>', 'dia': 'Viernes: 09:00 a 19:00 hrs.<br>', 'turno': ''}"
5464,ARUMI,"juan de dios flores 1281, local 48",15,1,+56944809504,0,"{'semana': 'Lunes - Viernes: 09:00 a 18:00 hrs.<br>Sábado: 10:00 a 15:00 hrs.<br>Domingo: Cerrado<br>', 'dia': 'Viernes: 09:00 a 18:00 hrs.<br>', 'turno': ''}"
7605,ATIKA,"doctor juan noe 701 - 711, oficina 1",15,1,,0,"{'semana': 'Lunes - Viernes: 10:00 a 18:00 hrs.<br>Sábado: 10:00 a 15:00 hrs.<br>Domingo: Cerrado<br>', 'dia': 'Viernes: 10:00 a 18:00 hrs.<br>', 'turno': ''}"
5036,BRUNOFARMA,lautaro 1042,15,1,+562252065,1,"{'semana': 'Lunes - Viernes: 10:00 a 20:00 hrs.<br>Sábado: 11:00 a 19:00 hrs.<br>Domingo: 10:00 a 15:00 hrs.<br>Festivos: 10:00 a 15:00 hrs.<br>', 'dia': 'Viernes: 10:00 a 20:00 hrs.<br>', 'turno': ''}"
6920,CALIDAD TOTAL,tucapel 2324,15,1,,0,"{'semana': 'Lunes - Viernes: 10:00 a 14:00 y 17:00 a 20:00 hrs.<br>Sábado: 10:30 a 14:30 hrs.<br>Domingo: Cerrado<br>', 'dia': 'Viernes: 10:00 a 14:00 y 17:00 a 20:00 hrs.<br>', 'turno': ''}"
4456,CAPSULA FARMA,aníbal pinto 1514,15,1,,0,"{'semana': 'Lunes - Sábado: 10:30 a 13:00 y 17:00 a 21:30 hrs.<br>Domingo: 10:30 a 13:00 y 20:00 a 21:30 hrs.<br>', 'dia': 'Viernes: 10:30 a 13:00 y 17:00 a 21:30 hrs.<br>', 'turno': ''}"
9380,COLÓN,chacabuco 320,15,1,+56+569922495362,0,"{'semana': 'Lunes - Sábado: 08:00 a 14:00 y 15:00 a 23:00 hrs.<br>Domingo: Cerrado<br>Festivos: 09:00 a 14:00 y 15:00 a 23:00 hrs.<br>', 'dia': 'Viernes: 08:00 a 14:00 y 15:00 a 23:00 hrs.<br>', 'turno': ''}"
3386,CONCEPCION,cristóbal colón 517,15,1,+562232180,0,"{'semana': 'Lunes - Sábado: 09:00 a 14:00 y 17:00 a 22:00 hrs.<br>Domingo: Cerrado<br>', 'dia': 'Viernes: 09:00 a 14:00 y 17:00 a 22:00 hrs.<br>', 'turno': ''}"
7828,COOPERCARAB ANTOFAGASTA,"avda pedro aguirre cerda 8251 local 01, tercer piso",2,12,+565555233039861,0,"{'semana': 'Lunes - Viernes: 10:00 a 18:30 hrs.<br>Sábado y Domingo: Cerrado<br>', 'dia': 'Viernes: 10:00 a 18:30 hrs.<br>', 'turno': ''}"
4082,COSMOFARMA,cobija nº 2188,2,16,+565578599424,0,"{'semana': 'Lunes - Viernes: 09:00 a 21:00 hrs.<br>Sábado: 10:00 a 15:00 hrs.<br>Domingo: Cerrado<br>', 'dia': 'Viernes: 09:00 a 21:00 hrs.<br>', 'turno': ''}"
6031,CRONOFARMA,avenida capitán ávalos 2616,15,1,+56983815874,0,"{'semana': 'Lunes - Viernes: 10:00 a 21:00 hrs.<br>Sábado: 10:00 a 14:00 y 17:00 a 21:00 hrs.<br>Domingo: Cerrado<br>', 'dia': 'Viernes: 10:00 a 21:00 hrs.<br>', 'turno': ''}"
7002,CRONOFARMA,josé victorino lastarria 1219,15,1,,0,"{'semana': 'Lunes - Viernes: 09:00 a 18:00 hrs.<br>Sábado: 10:00 a 13:00 hrs.<br>Domingo: Cerrado<br>', 'dia': 'Viernes: 09:00 a 18:00 hrs.<br>', 'turno': ''}"
3328,CRUZ DEL SUR,"avenida los aromos, parcela 29, local8",1,11,+56572495237,0,"{'semana': 'Lunes - Domingo: 10:00 a 16:00 hrs.<br>Festivos: 10:00 a 16:00 hrs.<br>', 'dia': 'Viernes: 10:00 a 16:00 hrs.<br>', 'turno': ''}"
3487,CRUZ VERDE,av. angamos nº785,2,12,+56552258219,0,"{'semana': 'Lunes - Viernes: 08:00 a 23:30 hrs.<br>Sábado - Domingo: 09:00 a 23:00 hrs.<br>Festivos: 09:00 a 23:00 hrs.<br>', 'dia': 'Viernes: 08:00 a 23:30 hrs.<br>', 'turno': ''}"
5580,CRUZ VERDE,"av. angamos n°2170, local 129",2,12,,0,"{'semana': 'Sábado y Domingo: Cerrado<br>', 'dia': 'Viernes: Cerrado', 'turno': ''}"
5588,CRUZ VERDE,"avenida diego portales 157, local 304",15,1,,0,"{'semana': 'Lunes - Sábado: 08:30 a 21:00 hrs.<br>Domingo: 10:00 a 20:00 hrs.<br>Festivos: 10:00 a 20:00 hrs.<br>', 'dia': 'Viernes: 08:30 a 21:00 hrs.<br>', 'turno': ''}"
3388,CRUZ VERDE,21 de mayo 299,15,1,+562232396,0,"{'semana': 'Lunes - Viernes: 08:30 a 21:00 hrs.<br>Sábado: 09:00 a 21:00 hrs.<br>Domingo: 09:00 a 20:00 hrs.<br>', 'dia': 'Viernes: 08:30 a 21:00 hrs.<br>', 'turno': ''}"
3391,CRUZ VERDE,21 de mayo 399,15,1,+562233504,0,"{'semana': 'Lunes - Viernes: 08:30 a 21:00 hrs.<br>Sábado y Domingo: Cerrado<br>', 'dia': 'Viernes: 08:30 a 21:00 hrs.<br>', 'turno': ''}"
3392,CRUZ VERDE,cristóbal colón 601,15,1,+562583552,0,"{'semana': 'Lunes - Sábado: 09:00 a 21:00 hrs.<br>Domingo: 10:00 a 15:00 y 15:45 a 19:00 hrs.<br>Festivos: 10:00 a 15:00 y 15:45 a 19:00 hrs.<br>', 'dia': 'Viernes: 09:00 a 21:00 hrs.<br>', 'turno': ''}"
3496,CRUZ VERDE,av. pedro aguirre cerda nº8700,2,12,+56552476330,0,"{'semana': 'Lunes - Sábado: 09:00 a 21:00 hrs.<br>Domingo: 10:30 a 21:00 hrs.<br>Festivos: 09:00 a 21:00 hrs.<br>', 'dia': 'Viernes: 09:00 a 21:00 hrs.<br>', 'turno': ''}"
3394,CRUZ VERDE,18 de septiembre 1063,15,1,+562583578,0,"{'semana': 'Lunes - Sábado: 09:00 a 21:00 hrs.<br>Domingo: Cerrado<br>Festivos: 10:00 a 19:00 hrs.<br>', 'dia': 'Viernes: 09:00 a 21:00 hrs.<br>', 'turno': ''}"
3396,CRUZ VERDE,18 de septiembre 2501,15,1,+56228700746,0,"{'semana': 'Lunes - Viernes: 08:00 a 21:00 hrs.<br>Sábado: 08:30 a 21:00 hrs.<br>Domingo: 09:00 a 20:00 hrs.<br>Festivos: 09:00 a 20:00 hrs.<br>', 'dia': 'Viernes: 08:00 a 21:00 hrs.<br>', 'turno': ''}"
5674,CRUZ VERDE,av. grecia n°1120,2,16,+560226944000,0,"{'semana': 'Sábado y Domingo: Cerrado<br>', 'dia': 'Viernes: Cerrado', 'turno': ''}"
6935,CRUZ VERDE,pedro aguirre cerda 1010 local 3 - 4 ,15,1,,0,"{'semana': 'Lunes - Sábado: 09:00 a 21:00 hrs.<br>Domingo: 10:00 a 22:00 hrs.<br>Festivos: 10:00 a 22:00 hrs.<br>', 'dia': 'Viernes: 09:00 a 21:00 hrs.<br>', 'turno': ''}"
5479,CRUZ VERDE,"avenida diego portales 640, locales b 1065/1068/1073",15,1,+56232787305,0,"{'semana': 'Lunes - Viernes: 08:30 a 21:00 hrs.<br>Sábado - Domingo: 09:00 a 21:00 hrs.<br>Festivos: 09:00 a 21:00 hrs.<br>', 'dia': 'Viernes: 08:30 a 21:00 hrs.<br>', 'turno': ''}"
3486,CRUZ VERDE,av. grecia nº 430,2,12,+56552488620,0,"{'semana': 'Lunes - Domingo: 11:00 a 21:00 hrs.<br>Festivos: 11:00 a 21:00 hrs.<br>', 'dia': 'Viernes: 11:00 a 21:00 hrs.<br>', 'turno': ''}"
6068,CRUZ VERDE L-9030,huaytiquina n°1425-b,2,16,+5655552832613,0,"{'semana': 'Lunes - Sábado: 09:00 a 22:00 hrs.<br>Domingo: 10:00 a 22:00 hrs.<br>Festivos: 10:00 a 22:00 hrs.<br>', 'dia': 'Viernes: 09:00 a 22:00 hrs.<br>', 'turno': ''}"
7413,CRUZ VERDE LOCAL 9073,"zenteno 21, local 1016",2,12,+56552551580,0,"{'semana': 'Lunes - Sábado: 09:00 a 17:00 hrs.<br>Domingo: Cerrado<br>', 'dia': 'Viernes: 09:00 a 17:00 hrs.<br>', 'turno': ''}"
9386,DEL DESIERTO LOCAL 2,avenida arturo prat 711,2,15,+56946290519,0,"{'semana': 'Lunes - Viernes: 09:00 a 17:30 hrs.<br>Sábado y Domingo: Cerrado<br>', 'dia': 'Viernes: 09:00 a 17:30 hrs.<br>', 'turno': ''}"
3497,DEL NORTE,av. pedro aguirre cerda nº 5750,2,12,+56552476902,0,"{'semana': 'Lunes - Viernes: 09:00 a 22:00 hrs.<br>Sábado - Domingo: 11:00 a 22:00 hrs.<br>Festivos: 11:00 a 22:00 hrs.<br>', 'dia': 'Viernes: 09:00 a 22:00 hrs.<br>', 'turno': ''}"
4609,DR SIMI,"pantaleon cortés n°852, local 3",2,12,,0,"{'semana': 'Lunes - Sábado: 10:00 a 18:00 hrs.<br>Domingo: 10:00 a 16:00 hrs.<br>Festivos: 10:00 a 16:00 hrs.<br>', 'dia': 'Viernes: 10:00 a 18:00 hrs.<br>', 'turno': ''}"
7647,DR SIMI,av. balmaceda n° 3242 local a-112,2,16,+569931806543,0,"{'semana': 'Lunes - Sábado: 09:00 a 21:00 hrs.<br>Domingo: Cerrado<br>', 'dia': 'Viernes: 09:00 a 21:00 hrs.<br>', 'turno': ''}"
3482,DR SIMI,maipu nº 745,2,12,+56552265182,0,"{'semana': 'Lunes - Sábado: 09:00 a 21:00 hrs.<br>Domingo: Cerrado<br>', 'dia': 'Viernes: 09:00 a 21:00 hrs.<br>', 'turno': ''}"
6108,DR. SIMI,21 de mayo 596,15,1,+562310874,0,"{'semana': 'Lunes - Viernes: 08:30 a 19:00 hrs.<br>Sábado: 10:00 a 14:00 hrs.<br>Domingo: Cerrado<br>', 'dia': 'Viernes: 08:30 a 19:00 hrs.<br>', 'turno': ''}"
4015,DR. SIMI,avda. las americas nº 4225,1,11,+560224590090,0,"{'semana': 'Lunes - Domingo: 10:00 a 20:00 hrs.<br>', 'dia': 'Viernes: 10:00 a 20:00 hrs.<br>', 'turno': ''}"
3398,DR. SIMI,21 de mayo 383,15,1,+562321893,0,"{'semana': 'Lunes - Viernes: 09:00 a 19:30 hrs.<br>Sábado: 10:30 a 14:30 hrs.<br>Domingo: Cerrado<br>', 'dia': 'Viernes: 09:00 a 19:30 hrs.<br>', 'turno': ''}"
3400,DR. SIMI,general manuel baquedano 561,15,1,+562310874,0,"{'semana': 'Lunes - Viernes: 10:00 a 22:00 hrs.<br>Sábado: 10:00 a 14:00 y 17:00 a 22:00 hrs.<br>Domingo: Cerrado<br>', 'dia': 'Viernes: 10:00 a 22:00 hrs.<br>', 'turno': ''}"
3798,DR. SIMI,baquedano nº 730,2,12,+56552490878,0,"{'semana': 'Lunes - Viernes: 09:30 a 21:30 hrs.<br>Sábado: 11:00 a 21:00 hrs.<br>Domingo: Cerrado<br>', 'dia': 'Viernes: 09:30 a 21:30 hrs.<br>', 'turno': ''}"
5290,DR. SIMI CL 0179,21 de mayo nº 1512,2,19,+56977983308,0,"{'semana': 'Lunes - Sábado: 09:00 a 21:00 hrs.<br>Domingo: Cerrado<br>', 'dia': 'Viernes: 09:00 a 21:00 hrs.<br>', 'turno': ''}"
3787,EKONOFARMA,josé santos ossa nº2250,2,12,,0,"{'semana': 'Lunes - Viernes: 09:30 a 22:00 hrs.<br>Sábado: 11:00 a 22:00 hrs.<br>Domingo: Cerrado<br>', 'dia': 'Viernes: 09:30 a 22:00 hrs.<br>', 'turno': ''}"
3498,EKONOFARMA,huamachuco nº8481-a,2,12,+56552844288,0,"{'semana': 'Lunes - Sábado: 10:00 a 14:00 y 18:00 a 21:30 hrs.<br>Domingo: Cerrado<br>', 'dia': 'Viernes: 10:00 a 14:00 y 18:00 a 21:30 hrs.<br>', 'turno': ''}"
9060,EMERSON,tambo quemado 3711,15,1,,0,"{'semana': 'Lunes - Viernes: 08:00 a 13:00 hrs.<br>Domingo: 08:00 a 13:00 hrs.<br>Sábado: Cerrado<br>Festivos: 08:00 a 13:00 hrs.<br>', 'dia': 'Viernes: 08:00 a 13:00 hrs.<br>', 'turno': ''}"
7471,FARMA IN,tucapel 2334,15,1,,0,"{'semana': 'Lunes - Viernes: 10:00 a 15:00 y 15:30 a 18:30 hrs.<br>Sábado: 11:00 a 14:00 y 14:30 a 16:30 hrs.<br>Domingo: Cerrado<br>', 'dia': 'Viernes: 10:00 a 15:00 y 15:30 a 18:30 hrs.<br>', 'turno': ''}"
4489,FARMAC IA TRI-O FARMA,"arturo fernandez 1371 (acceso por ernesto riquelme) , iquique",1,5,+56572715482,0,"{'semana': 'Lunes - Sábado: 10:00 a 20:00 hrs.<br>Domingo: Cerrado<br>', 'dia': 'Viernes: 10:00 a 20:00 hrs.<br>', 'turno': ''}"
4382,FARMACIA  SALCOBRAND,"maipu n° 110, mall plaza copiapo",3,21,,1,"{'semana': 'Lunes - Domingo: 11:00 a 20:00 hrs.<br>Festivos: 11:00 a 20:00 hrs.<br>', 'dia': 'Viernes: 11:00 a 20:00 hrs.<br>', 'turno': ''}"
3133,FARMACIA  SALCOBRAND,chacabuco  n° 393,3,21,+56522238916,1,"{'semana': 'Lunes - Sábado: 08:30 a 21:00 hrs.<br>Domingo: 10:00 a 20:00 hrs.<br>Festivos: 10:00 a 20:00 hrs.<br>', 'dia': 'Viernes: 08:30 a 21:00 hrs.<br>', 'turno': ''}"
3134,FARMACIA  SALCOBRAND,"colipi  n° 484, mall plaza real",3,21,"+560224223300, anexo 5333",1,"{'semana': 'Lunes - Sábado: 08:30 a 21:00 hrs.<br>Domingo: 10:00 a 19:00 hrs.<br>Festivos: 10:00 a 19:00 hrs.<br>', 'dia': 'Viernes: 08:30 a 21:00 hrs.<br>', 'turno': ''}"
3135,FARMACIA  SALCOBRAND,maipu n° 355,3,21,+562219975,1,"{'semana': 'Lunes - Sábado: 08:30 a 21:00 hrs.<br>Domingo: 10:00 a 19:00 hrs.<br>Festivos: 10:00 a 19:00 hrs.<br>', 'dia': 'Viernes: 08:30 a 21:00 hrs.<br>', 'turno': ''}"
6193,FARMACIA 18,18 de septiembre 1394,15,1,+56232678439,0,"{'semana': 'Lunes - Sábado: 09:00 a 21:00 hrs.<br>Domingo: Cerrado<br>', 'dia': 'Viernes: 09:00 a 21:00 hrs.<br>', 'turno': ''}"
7144,FARMACIA ACEVEDO,14 de febrero n°2001,2,12,+56992089343,0,"{'semana': 'Lunes - Viernes: 09:00 a 21:00 hrs.<br>Sábado: 10:00 a 19:00 hrs.<br>Domingo: Cerrado<br>', 'dia': 'Viernes: 09:00 a 21:00 hrs.<br>', 'turno': ''}"
4472,FARMACIA ACEVEDO,"av. pedro aguirre cerda nº 8251, local 24",2,12,,0,"{'semana': 'Lunes - Viernes: 09:00 a 21:00 hrs.<br>Sábado: 09:00 a 18:00 hrs.<br>Domingo: Cerrado<br>', 'dia': 'Viernes: 09:00 a 21:00 hrs.<br>', 'turno': ''}"
5739,FARMACIA ADONAY,manuel castro ramos n°2495,1,5,+56572570930,0,"{'semana': 'Lunes - Sábado: 10:30 a 18:30 hrs.<br>Domingo: Cerrado<br>', 'dia': 'Viernes: 10:30 a 18:30 hrs.<br>', 'turno': ''}"
3785,FARMACIA AHUMADA,av. balmaceda nº 2408,2,12,+560226313378,1,"{'semana': 'Lunes - Viernes: 10:00 a 22:00 hrs.<br>Sábado: 11:00 a 22:00 hrs.<br>Domingo: 12:00 a 22:00 hrs.<br>Festivos: 12:00 a 22:00 hrs.<br>', 'dia': 'Viernes: 10:00 a 22:00 hrs.<br>', 'turno': ''}"
3803,FARMACIA AHUMADA,"zenteno nº 21, interior lider",2,12,+565526313124,1,"{'semana': 'Lunes - Domingo: 09:00 a 22:30 hrs.<br>Festivos: 09:00 a 22:30 hrs.<br>', 'dia': 'Viernes: 09:00 a 22:30 hrs.<br>', 'turno': ''}"
4564,FARMACIA AHUMADA,"av. los carrera n° 3791, int. lider",3,21,+5602232740714,1,"{'semana': 'Lunes - Domingo: 09:00 a 22:00 hrs.<br>Festivos: 09:00 a 22:00 hrs.<br>', 'dia': 'Viernes: 09:00 a 22:00 hrs.<br>', 'turno': ''}"
3786,FARMACIA AHUMADA,arturo prat nº 605,2,12,+560226313121,0,"{'semana': 'Lunes - Sábado: 10:00 a 21:00 hrs.<br>Domingo: 11:00 a 21:00 hrs.<br>', 'dia': 'Viernes: 10:00 a 21:00 hrs.<br>', 'turno': ''}"
3467,FARMACIA AHUMADA,latorre nº 1979,2,16,+560226313120,0,"{'semana': 'Lunes - Sábado: 09:00 a 23:00 hrs.<br>Domingo: 10:00 a 22:00 hrs.<br>Festivos: 10:00 a 22:00 hrs.<br>', 'dia': 'Viernes: 09:00 a 23:00 hrs.<br>', 'turno': ''}"
3489,FARMACIA AHUMADA,"av. angamos nº 745, local 2040",2,12,+5626313114,0,"{'semana': 'Lunes - Domingo: 09:00 a 21:00 hrs.<br>Festivos: 09:00 a 21:00 hrs.<br>', 'dia': 'Viernes: 09:00 a 21:00 hrs.<br>', 'turno': ''}"
3490,FARMACIA AHUMADA,av. universidad de antofagasta nº 2751,2,12,+560226313051,0,"{'semana': 'Lunes - Sábado: 09:00 a 22:00 hrs.<br>Domingo: 10:00 a 22:00 hrs.<br>Festivos: 10:00 a 22:00 hrs.<br>', 'dia': 'Viernes: 09:00 a 22:00 hrs.<br>', 'turno': ''}"
3789,FARMACIA AHUMADA,maipú nº 689,2,12,+560226313122,0,"{'semana': 'Lunes - Viernes: 09:00 a 21:00 hrs.<br>Sábado: 10:00 a 20:00 hrs.<br>Domingo: Cerrado<br>', 'dia': 'Viernes: 09:00 a 21:00 hrs.<br>', 'turno': ''}"
9082,FARMACIA AHUMADA,maipú 110,3,21,,0,"{'semana': 'Lunes - Sábado: 09:00 a 21:00 hrs.<br>Domingo: 10:00 a 21:00 hrs.<br>Festivos: 10:00 a 20:00 hrs.<br>', 'dia': 'Viernes: 09:00 a 21:00 hrs.<br>', 'turno': ''}"
3495,FARMACIA AHUMADA,caparrosa nº355,2,12,+560226313428,1,"{'semana': 'Lunes - Sábado: 09:00 a 22:00 hrs.<br>Domingo: 11:00 a 14:00 y 17:00 a 22:00 hrs.<br>Festivos: 11:00 a 14:00 y 17:00 a 22:00 hrs.<br>', 'dia': 'Viernes: 09:00 a 22:00 hrs.<br>', 'turno': ''}"
315,FARMACIA AHUMADA,tarapaca 599,1,5,+560226313267,0,"{'semana': 'Lunes - Sábado: 10:00 a 18:00 hrs.<br>Domingo: Cerrado<br>', 'dia': 'Viernes: 10:00 a 18:00 hrs.<br>', 'turno': ''}"
297,FARMACIA AHUMADA,bilbao esquina padre hurtado,1,5,+56232740573,1,"{'semana': 'Lunes - Sábado: 09:00 a 19:00 hrs.<br>Domingo: Cerrado<br>', 'dia': 'Viernes: 09:00 a 19:00 hrs.<br>', 'turno': ''}"
3475,FARMACIA AHUMADA,"av. balmaceda nº 3242, l-116",2,16,+560226313258,1,"{'semana': 'Lunes - Domingo: 10:00 a 22:00 hrs.<br>Festivos: 10:00 a 22:00 hrs.<br>', 'dia': 'Viernes: 10:00 a 22:00 hrs.<br>', 'turno': ''}"
298,FARMACIA AHUMADA,vivar 723,1,5,+560226313111,1,"{'semana': 'Lunes - Sábado: 10:00 a 18:00 hrs.<br>Domingo: Cerrado<br>', 'dia': 'Viernes: 10:00 a 18:00 hrs.<br>', 'turno': ''}"
3794,FARMACIA AHUMADA,av. argentina nº 1105,2,12,+560226313123,1,"{'semana': 'Lunes - Sábado: 09:00 a 21:00 hrs.<br>Domingo: 10:00 a 21:00 hrs.<br>Festivos: 10:00 a 21:00 hrs.<br>', 'dia': 'Viernes: 09:00 a 21:00 hrs.<br>', 'turno': ''}"
5199,FARMACIA AHUMADA,av. perez zujovic n°5470,2,12,+56977757349,1,"{'semana': 'Sábado y Domingo: Cerrado<br>', 'dia': 'Viernes: Cerrado', 'turno': ''}"
3476,FARMACIA AHUMADA,"av. balmaceda nº 3242, int. lider",2,16,+560226313470,1,"{'semana': 'Lunes - Jueves: 09:00 a 22:00 hrs.<br>Viernes - Sábado: 09:00 a 23:00 hrs.<br>Domingo: 09:00 a 22:00 hrs.<br>Festivos: 09:00 a 23:00 hrs.<br>', 'dia': 'Viernes: 09:00 a 23:00 hrs.<br>', 'turno': ''}"
314,FARMACIA AHUMADA,héroes de la concepción 2653  supermercado lider,1,5,+5602232740357,1,"{'semana': 'Lunes - Sábado: 08:30 a 19:00 hrs.<br>Domingo: 09:00 a 19:00 hrs.<br>Festivos: 09:00 a 19:00 hrs.<br>', 'dia': 'Viernes: 08:30 a 19:00 hrs.<br>', 'turno': ''}"
3453,FARMACIA AHUMADA ,eleuterio ramirez nº 2092,2,16,+560226313802,1,"{'semana': 'Lunes - Sábado: 09:00 a 21:00 hrs.<br>Domingo: Cerrado<br>', 'dia': 'Viernes: 09:00 a 21:00 hrs.<br>', 'turno': ''}"
5431,FARMACIA AHUMADA,"teresa wilms montt 2263, iquique",1,5,+569977757349,1,"{'semana': 'Lunes - Domingo: 08:30 a 18:00 hrs.<br>Festivos: 08:30 a 18:00 hrs.<br>', 'dia': 'Viernes: 08:30 a 18:00 hrs.<br>', 'turno': ''}"
3142,FARMACIA AHUMADA,o'higgins n° 561,3,21,+56232740394,1,"{'semana': 'Lunes: 09:30 a 21:00 hrs.<br>Martes: 09:30 a 23:00 hrs.<br>Miércoles - Viernes: 09:30 a 21:00 hrs.<br>Sábado: 10:00 a 20:00 hrs.<br>Domingo: 11:00 a 21:00 hrs.<br>', 'dia': 'Viernes: 09:30 a 21:00 hrs.<br>', 'turno': ''}"
3147,FARMACIA AHUMADA,av. copayapu n° 2296,3,21,+5602232740630,1,"{'semana': 'Lunes - Sábado: 09:00 a 22:00 hrs.<br>Domingo: 10:00 a 22:00 hrs.<br>Festivos: 10:00 a 22:00 hrs.<br>', 'dia': 'Viernes: 09:00 a 22:00 hrs.<br>', 'turno': ''}"
9055,FARMACIA ALCACEUTICAL,manuel antonio matta 2858 iquique,1,5,+5656962371330,0,"{'semana': 'Lunes - Viernes: 09:00 a 19:00 hrs.<br>Sábado: 10:00 a 19:00 hrs.<br>Domingo: Cerrado<br>', 'dia': 'Viernes: 09:00 a 19:00 hrs.<br>', 'turno': ''}"
5964,FARMACIA ALGARROBO,"av. ramon perez opazo n° 2621, iquique",1,5,+5678249611,1,"{'semana': 'Lunes - Sábado: 10:00 a 18:00 hrs.<br>Domingo: Cerrado<br>', 'dia': 'Viernes: 10:00 a 18:00 hrs.<br>', 'turno': ''}"
6870,FARMACIA ALI SPA,ester pizarro perez 1253,2,13,,0,"{'semana': 'Sábado y Domingo: Cerrado<br>', 'dia': 'Viernes: Cerrado', 'turno': ''}"
7211,FARMACIA ALMA,"los almendros n°3185, local 1 (acceso por la pampa)",1,11,+5602229201858,1,"{'semana': 'Lunes - Viernes: 08:00 a 21:00 hrs.<br>Sábado: 09:00 a 14:00 y 16:00 a 20:00 hrs.<br>Domingo: 10:00 a 14:00 y 16:00 a 20:00 hrs.<br>', 'dia': 'Viernes: 08:00 a 21:00 hrs.<br>', 'turno': ''}"
6413,FARMACIA ALOPATICA LA BOTIKA,"salvador allende n° 3432, oficina 101",1,5,+56572840214,0,"{'semana': 'Lunes - Viernes: 10:00 a 22:00 hrs.<br>Sábado: 11:00 a 22:00 hrs.<br>Domingo: Cerrado<br>Festivos: 11:00 a 22:00 hrs.<br>', 'dia': 'Viernes: 10:00 a 22:00 hrs.<br>', 'turno': ''}"
6410,FARMACIA ALOPATICA NOVAVITA,barros arana n° 1643,1,5,+56572781395,0,"{'semana': 'Lunes - Viernes: 10:00 a 18:00 hrs.<br>Sábado: 10:00 a 14:00 hrs.<br>Domingo: Cerrado<br>', 'dia': 'Viernes: 10:00 a 18:00 hrs.<br>', 'turno': ''}"
319,FARMACIA ARAUCO,vivar 976,1,5,+56572419122,1,"{'semana': 'Lunes - Viernes: 09:30 a 19:30 hrs.<br>Sábado: 10:30 a 15:00 hrs.<br>Domingo: Cerrado<br>', 'dia': 'Viernes: 09:30 a 19:30 hrs.<br>', 'turno': ''}"
4834,FARMACIA AURORA,carvallo n° 307,3,22,+56522541721,0,"{'semana': 'Lunes - Sábado: 10:00 a 14:00 y 16:00 a 21:00 hrs.<br>Domingo: Cerrado<br>', 'dia': 'Viernes: 10:00 a 14:00 y 16:00 a 21:00 hrs.<br>', 'turno': ''}"
4491,FARMACIA BARUCH,baquedano n°909,2,12,,0,"{'semana': 'Sábado y Domingo: Cerrado<br>', 'dia': 'Viernes: Cerrado', 'turno': ''}"
3361,FARMACIA BELLO,avenida la tirana 3745 local 19,1,5,+562383585,0,"{'semana': 'Lunes - Domingo: 10:00 a 21:00 hrs.<br>Festivos: 10:00 a 21:00 hrs.<br>', 'dia': 'Viernes: 10:00 a 21:00 hrs.<br>', 'turno': ''}"
4495,FARMACIA BICENTENARIO,av. oscar bonilla nº 9204,2,12,,0,"{'semana': 'Lunes - Viernes: 09:00 a 21:00 hrs.<br>Sábado: 10:00 a 16:00 hrs.<br>Domingo: Cerrado<br>', 'dia': 'Viernes: 09:00 a 21:00 hrs.<br>', 'turno': ''}"
6071,FARMACIA BICENTENARIO II,huamachuco n°9594,2,12,+5655224196726,0,"{'semana': 'Lunes - Viernes: 09:00 a 21:00 hrs.<br>Sábado: 11:00 a 16:00 hrs.<br>Domingo: Cerrado<br>', 'dia': 'Viernes: 09:00 a 21:00 hrs.<br>', 'turno': ''}"
8051,FARMACIA BICENTENARIO III,avda ricaventura 11710,2,12,+5655 335 2750,0,"{'semana': 'Sábado y Domingo: Cerrado<br>', 'dia': 'Viernes: Cerrado', 'turno': ''}"
7666,FARMACIA BIENESTAR,japon n°4281,1,11,+56936398160,0,"{'semana': 'Lunes - Viernes: 09:00 a 14:00 y 16:00 a 20:00 hrs.<br>Sábado: 09:00 a 14:00 hrs.<br>Domingo: Cerrado<br>', 'dia': 'Viernes: 09:00 a 14:00 y 16:00 a 20:00 hrs.<br>', 'turno': ''}"
7378,FARMACIA BIOPHARMA,"zegers n° 910, local 2 (acceso por amunátegui)",1,5,+562788563,0,"{'semana': 'Lunes - Sábado: 10:00 a 15:00 y 17:00 a 22:00 hrs.<br>Domingo: 11:00 a 15:00 y 17:00 a 21:00 hrs.<br>Festivos: 11:00 a 15:00 y 17:00 a 21:00 hrs.<br>', 'dia': 'Viernes: 10:00 a 15:00 y 17:00 a 22:00 hrs.<br>', 'turno': ''}"
6070,FARMACIA BUENASALUD,av. pedro aguirre cerda n°9448-b,2,12,+56995748367,0,"{'semana': 'Sábado y Domingo: Cerrado<br>', 'dia': 'Viernes: Cerrado', 'turno': ''}"
4085,FARMACIA CENTRAL,sucre nº 393,2,12,,0,"{'semana': 'Lunes - Viernes: 08:00 a 20:00 hrs.<br>Sábado: 10:00 a 15:00 hrs.<br>Domingo: Cerrado<br>', 'dia': 'Viernes: 08:00 a 20:00 hrs.<br>', 'turno': ''}"
7646,FARMACIA CLINICA LA PORTADA,avda balmaceda n° 2648,2,12,+569979969158,0,"{'semana': 'Lunes - Viernes: 09:00 a 18:00 hrs.<br>Sábado y Domingo: Cerrado<br>', 'dia': 'Viernes: 09:00 a 18:00 hrs.<br>', 'turno': ''}"
6869,FARMACIA COSTA NORTE,av. argentina n°2370,2,12,+5655227696242,0,"{'semana': 'Lunes - Sábado: 09:00 a 20:00 hrs.<br>Domingo: Cerrado<br>', 'dia': 'Viernes: 09:00 a 20:00 hrs.<br>', 'turno': ''}"
3153,FARMACIA CRUZ,gana n° 298,3,22,+56522315133,0,"{'semana': 'Lunes - Sábado: 10:00 a 14:00 y 17:00 a 22:00 hrs.<br>Domingo: Cerrado<br>', 'dia': 'Viernes: 10:00 a 14:00 y 17:00 a 22:00 hrs.<br>', 'turno': ''}"
321,FARMACIA CRUZ DEL SUR,avenida los cóndores 3824,1,11,+56572323097,0,"{'semana': 'Lunes - Domingo: 10:00 a 20:00 hrs.<br>', 'dia': 'Viernes: 10:00 a 20:00 hrs.<br>', 'turno': ''}"
3465,FARMACIA CRUZ VERDE,latorre nº 1965,2,16,+56552312133,0,"{'semana': 'Lunes - Viernes: 08:30 a 23:00 hrs.<br>Sábado: 09:00 a 23:00 hrs.<br>Domingo: 11:30 a 21:00 hrs.<br>Festivos: 11:30 a 21:00 hrs.<br>', 'dia': 'Viernes: 08:30 a 23:00 hrs.<br>', 'turno': ''}"
5485,FARMACIA CRUZ VERDE,"tarapaca n° 503, esq. obispo labbe",1,5,,0,"{'semana': 'Lunes - Sábado: 08:30 a 17:45 hrs.<br>Domingo: Cerrado<br>', 'dia': 'Viernes: 08:30 a 17:45 hrs.<br>', 'turno': ''}"
343,FARMACIA CRUZ VERDE,manuel rodriguez 964 local 8,1,5,+56572790185,0,"{'semana': 'Lunes - Viernes: 09:00 a 19:30 hrs.<br>Sábado: 09:30 a 19:30 hrs.<br>Domingo: 10:00 a 17:00 hrs.<br>', 'dia': 'Viernes: 09:00 a 19:30 hrs.<br>', 'turno': ''}"
3298,FARMACIA CRUZ VERDE,caracoles nº359,2,501,+56552851285,0,"{'semana': 'Lunes - Sábado: 09:00 a 22:00 hrs.<br>Domingo: 10:30 a 14:00 y 16:00 a 22:00 hrs.<br>Festivos: 09:00 a 22:00 hrs.<br>', 'dia': 'Viernes: 09:00 a 22:00 hrs.<br>', 'turno': ''}"
344,FARMACIA CRUZ VERDE,genaro gallo 2955 local 7,1,5,+56572248817,0,"{'semana': 'Lunes - Viernes: 09:00 a 23:00 hrs.<br>Sábado: 11:00 a 15:00 y 17:00 a 23:00 hrs.<br>Domingo: 11:30 a 14:30 y 17:00 a 23:00 hrs.<br>', 'dia': 'Viernes: 09:00 a 23:00 hrs.<br>', 'turno': ''}"
3804,FARMACIA CRUZ VERDE,"av. balmaceda nº 2355, interior tottus",2,12,+56552533536,0,"{'semana': 'Lunes - Sábado: 09:00 a 22:00 hrs.<br>Domingo: 09:30 a 22:00 hrs.<br>Festivos: 09:30 a 22:00 hrs.<br>', 'dia': 'Viernes: 09:00 a 22:00 hrs.<br>', 'turno': ''}"
4284,FARMACIA CRUZ VERDE,maipu n° 110  mall plaza copiapo,3,21,+56022237000,0,"{'semana': 'Lunes - Domingo: 10:00 a 21:30 hrs.<br>Festivos: 10:00 a 21:30 hrs.<br>', 'dia': 'Viernes: 10:00 a 21:30 hrs.<br>', 'turno': ''}"
5293,FARMACIA CRUZ VERDE,"avda. teresa wills montt n° 2263, iquique",1,5,+569974760492,0,"{'semana': 'Lunes - Viernes: 08:30 a 22:30 hrs.<br>Sábado: 09:00 a 22:30 hrs.<br>Domingo: 10:00 a 21:30 hrs.<br>Festivos: 10:00 a 21:30 hrs.<br>', 'dia': 'Viernes: 08:30 a 22:30 hrs.<br>', 'turno': ''}"
3128,FARMACIA CRUZ VERDE,atacama n° 567,3,21,+56522230220,0,"{'semana': 'Lunes - Domingo: 09:00 a 22:00 hrs.<br>', 'dia': 'Viernes: 09:00 a 22:00 hrs.<br>', 'turno': ''}"
3806,FARMACIA CRUZ VERDE,14 de febrero nº2465,2,12,+56552268416,0,"{'semana': 'Lunes - Viernes: 09:00 a 22:00 hrs.<br>Sábado: 11:00 a 20:00 hrs.<br>Domingo: 10:30 a 21:00 hrs.<br>Festivos: 10:30 a 21:00 hrs.<br>', 'dia': 'Viernes: 09:00 a 22:00 hrs.<br>', 'turno': ''}"
3329,FARMACIA CRUZ VERDE ,avenida ramon perez opazo nº 3161 local 5 y 6,1,11,+56572248754,0,"{'semana': 'Lunes - Viernes: 09:00 a 18:00 hrs.<br>Sábado: 10:00 a 18:00 hrs.<br>Domingo: Cerrado<br>', 'dia': 'Viernes: 09:00 a 18:00 hrs.<br>', 'turno': ''}"
5337,FARMACIA CRUZ VERDE,"av. pedro aguirre cerda nº 10850, local 10",2,12,+56026944000,0,"{'semana': 'Lunes - Sábado: 09:00 a 14:00 y 16:00 a 22:00 hrs.<br>Domingo: Cerrado<br>Festivos: 10:00 a 14:00 y 16:00 a 22:00 hrs.<br>', 'dia': 'Viernes: 09:00 a 14:00 y 16:00 a 22:00 hrs.<br>', 'turno': ''}"
3469,FARMACIA CRUZ VERDE,"av. granaderos nº 3651, l-1070",2,16,+56552339575,0,"{'semana': 'Lunes - Sábado: 08:30 a 22:00 hrs.<br>Domingo: 09:00 a 22:00 hrs.<br>Festivos: 09:00 a 22:00 hrs.<br>', 'dia': 'Viernes: 08:30 a 22:00 hrs.<br>', 'turno': ''}"
322,FARMACIA CRUZ VERDE,héroes de la concepción 2555 l158-160a,1,5,+56572439694,0,"{'semana': 'Lunes - Domingo: 08:30 a 19:30 hrs.<br>', 'dia': 'Viernes: 08:30 a 19:30 hrs.<br>', 'turno': ''}"
3870,FARMACIA CRUZ VERDE,eleuterio ramirez nº1977-1979,2,16,+56552364724,0,"{'semana': 'Lunes - Viernes: 09:00 a 22:30 hrs.<br>Sábado: 10:00 a 22:30 hrs.<br>Domingo: 10:00 a 22:00 hrs.<br>Festivos: 10:00 a 22:00 hrs.<br>', 'dia': 'Viernes: 09:00 a 22:30 hrs.<br>', 'turno': ''}"
3332,FARMACIA CRUZ VERDE,tarapaca 1695,1,5,+56572415437,0,"{'semana': 'Lunes - Viernes: 08:00 a 21:30 hrs.<br>Sábado - Domingo: 10:00 a 21:30 hrs.<br>Festivos: 10:00 a 21:30 hrs.<br>', 'dia': 'Viernes: 08:00 a 21:30 hrs.<br>', 'turno': ''}"
3492,FARMACIA CRUZ VERDE,av. argentina nº 01910,2,12,+56552560187,0,"{'semana': 'Lunes - Domingo: 09:00 a 21:30 hrs.<br>Festivos: 09:00 a 21:30 hrs.<br>', 'dia': 'Viernes: 09:00 a 21:30 hrs.<br>', 'turno': ''}"
3333,FARMACIA CRUZ VERDE,santiago polanco 2315 local 14,1,5,+56572441223,0,"{'semana': 'Lunes - Domingo: 10:00 a 23:00 hrs.<br>Festivos: 10:00 a 23:00 hrs.<br>', 'dia': 'Viernes: 10:00 a 23:00 hrs.<br>', 'turno': ''}"
3494,FARMACIA CRUZ VERDE,ignacio carrera pinto nº909,2,12,+56552551587,0,"{'semana': 'Sábado y Domingo: Cerrado<br>', 'dia': 'Viernes: Cerrado', 'turno': ''}"
3790,FARMACIA CRUZ VERDE,arturo prat nº 543,2,12,+56552220654,0,"{'semana': 'Lunes - Viernes: 08:00 a 23:00 hrs.<br>Sábado: 09:30 a 22:00 hrs.<br>Domingo: 10:00 a 22:00 hrs.<br>Festivos: 10:00 a 22:00 hrs.<br>', 'dia': 'Viernes: 08:00 a 23:00 hrs.<br>', 'turno': ''}"
3791,FARMACIA CRUZ VERDE,arturo prat nº 640,2,12,+56552493164,0,"{'semana': 'Lunes - Viernes: 08:30 a 22:00 hrs.<br>Sábado: 09:00 a 22:00 hrs.<br>Domingo: Cerrado<br>', 'dia': 'Viernes: 08:30 a 22:00 hrs.<br>', 'turno': ''}"
3126,FARMACIA CRUZ VERDE,o'higgins  n° 500,3,21,+56522241213,0,"{'semana': 'Lunes - Viernes: 08:30 a 22:30 hrs.<br>Sábado: 09:00 a 22:30 hrs.<br>Domingo: 10:00 a 22:00 hrs.<br>Festivos: 10:00 a 22:00 hrs.<br>', 'dia': 'Viernes: 08:30 a 22:30 hrs.<br>', 'turno': ''}"
3473,FARMACIA CRUZ VERDE,av. grau nº 1060,2,16,+56552339770,0,"{'semana': 'Lunes - Viernes: 09:00 a 23:00 hrs.<br>Sábado: 10:00 a 22:30 hrs.<br>Domingo: 10:30 a 22:00 hrs.<br>Festivos: 10:30 a 22:00 hrs.<br>', 'dia': 'Viernes: 09:00 a 23:00 hrs.<br>', 'turno': ''}"
3792,FARMACIA CRUZ VERDE,m. a. matta nº 2490,2,12,+56552220400,0,"{'semana': 'Lunes - Viernes: 08:30 a 23:00 hrs.<br>Sábado: 09:30 a 23:00 hrs.<br>Domingo: 10:00 a 23:00 hrs.<br>Festivos: 10:00 a 23:00 hrs.<br>', 'dia': 'Viernes: 08:30 a 23:00 hrs.<br>', 'turno': ''}"
3127,FARMACIA CRUZ VERDE,"av. copayapu  n° 2406, int. portal jumbo",3,21,+56522221622,0,"{'semana': 'Lunes - Sábado: 08:30 a 22:30 hrs.<br>Domingo: 09:00 a 22:30 hrs.<br>Festivos: 09:00 a 22:30 hrs.<br>', 'dia': 'Viernes: 08:30 a 22:30 hrs.<br>', 'turno': ''}"
3474,FARMACIA CRUZ VERDE,"av. balmaceda nº 3242, l-145",2,16,+56552319790,0,"{'semana': 'Lunes - Sábado: 08:30 a 22:30 hrs.<br>Domingo: 10:00 a 22:00 hrs.<br>Festivos: 10:00 a 22:00 hrs.<br>', 'dia': 'Viernes: 08:30 a 22:30 hrs.<br>', 'turno': ''}"
5661,FARMACIA CRUZ VERDE,"vivar n° 1091, iquique",1,5,+5692 28481008,0,"{'semana': 'Lunes - Viernes: 11:00 a 22:00 hrs.<br>Sábado: 11:00 a 21:00 hrs.<br>Domingo: Cerrado<br>', 'dia': 'Viernes: 11:00 a 22:00 hrs.<br>', 'turno': ''}"
335,FARMACIA CRUZ VERDE ,tarapaca 496,1,5,+56572425641,0,"{'semana': 'Lunes - Sábado: 08:30 a 20:30 hrs.<br>Domingo: Cerrado<br>', 'dia': 'Viernes: 08:30 a 20:30 hrs.<br>', 'turno': ''}"
3793,FARMACIA CRUZ VERDE,josé santos ossa nº2332,2,12,+56552490708,0,"{'semana': 'Lunes - Sábado: 08:30 a 22:30 hrs.<br>Domingo: 10:00 a 21:00 hrs.<br>Festivos: 10:00 a 22:00 hrs.<br>', 'dia': 'Viernes: 08:30 a 22:30 hrs.<br>', 'turno': ''}"
3129,FARMACIA CRUZ VERDE,"colipi  n° 484, mall plaza real",3,21,+56522242275,0,"{'semana': 'Lunes - Viernes: 09:00 a 22:00 hrs.<br>Sábado: 09:30 a 22:00 hrs.<br>Domingo: Cerrado<br>', 'dia': 'Viernes: 09:00 a 22:00 hrs.<br>', 'turno': ''}"
4083,FARMACIA CRUZ VERDE,av. pedro aguirre cerda nº 11385,2,12,,0,"{'semana': 'Lunes - Viernes: 08:00 a 21:00 hrs.<br>Sábado: 09:00 a 20:30 hrs.<br>Domingo: 09:00 a 19:00 hrs.<br>Festivos: 09:00 a 19:00 hrs.<br>', 'dia': 'Viernes: 08:00 a 21:00 hrs.<br>', 'turno': ''}"
4420,FARMACIA CRUZ VERDE,maipu nº 210,2,12,,0,"{'semana': 'Lunes - Viernes: 08:30 a 22:30 hrs.<br>Sábado: 09:00 a 22:00 hrs.<br>Domingo: 10:30 a 22:00 hrs.<br>Festivos: 10:30 a 22:00 hrs.<br>', 'dia': 'Viernes: 08:30 a 22:30 hrs.<br>', 'turno': ''}"
3450,FARMACIA CRUZ VERDE,sotomayor nº 1898,2,16,+56552343906,0,"{'semana': 'Lunes - Viernes: 08:30 a 23:30 hrs.<br>Sábado - Domingo: 10:00 a 22:30 hrs.<br>Festivos: 10:00 a 22:30 hrs.<br>', 'dia': 'Viernes: 08:30 a 23:30 hrs.<br>', 'turno': ''}"
3130,FARMACIA CRUZ VERDE,"av. los carrera n° 3356, stripcenter jumbo",3,21,+56522222482,0,"{'semana': 'Lunes - Sábado: 09:00 a 22:30 hrs.<br>Domingo: 10:00 a 22:00 hrs.<br>Festivos: 10:00 a 22:00 hrs.<br>', 'dia': 'Viernes: 09:00 a 22:30 hrs.<br>', 'turno': ''}"
7212,FARMACIA CRUZ VERDE,"oficina salitrera victoria s/n, local n° 7126, primer nivel, etapa vii, mall zofri",1,5,,0,"{'semana': 'Lunes - Sábado: 11:00 a 18:30 hrs.<br>Domingo: Cerrado<br>', 'dia': 'Viernes: 11:00 a 18:30 hrs.<br>', 'turno': ''}"
3477,FARMACIA CRUZ VERDE,"av. chorrillos nº 1749, l-109, int jumbo",2,16,+56552346133,0,"{'semana': 'Lunes - Domingo: 08:30 a 22:30 hrs.<br>Festivos: 08:30 a 22:30 hrs.<br>', 'dia': 'Viernes: 08:30 a 22:30 hrs.<br>', 'turno': ''}"
323,FARMACIA CRUZ VERDE,heroes de la concepcion 2855,1,5,+56572248719,0,"{'semana': 'Lunes - Sábado: 08:30 a 21:30 hrs.<br>Domingo: 09:00 a 20:30 hrs.<br>Festivos: 09:00 a 20:30 hrs.<br>', 'dia': 'Viernes: 08:30 a 21:30 hrs.<br>', 'turno': ''}"
3672,FARMACIA CRUZ VERDE,c.c. oviedo cavada nº 5319,2,12,+56552495908,0,"{'semana': 'Lunes - Sábado: 09:00 a 22:00 hrs.<br>Domingo: 10:00 a 22:00 hrs.<br>Festivos: 10:00 a 22:00 hrs.<br>', 'dia': 'Viernes: 09:00 a 22:00 hrs.<br>', 'turno': ''}"
6020,FARMACIA CRUZ VERDE,"chacabuco n° 209, int. unimarc",3,21,"+56226944000, anexo 51077",0,"{'semana': 'Lunes - Sábado: 09:00 a 22:00 hrs.<br>Domingo: Cerrado<br>', 'dia': 'Viernes: 09:00 a 22:00 hrs.<br>', 'turno': ''}"
337,FARMACIA CRUZ VERDE,av. arturo prat 1170 local 1,1,5,+56572416442,0,"{'semana': 'Lunes - Viernes: 08:30 a 20:30 hrs.<br>Sábado: 09:00 a 20:00 hrs.<br>Domingo: Cerrado<br>', 'dia': 'Viernes: 08:30 a 20:30 hrs.<br>', 'turno': ''}"
4139,FARMACIA CRUZ VERDE,barros arana 805,1,5,+56572210561,0,"{'semana': 'Lunes - Sábado: 09:30 a 21:30 hrs.<br>Domingo: Cerrado<br>', 'dia': 'Viernes: 09:30 a 21:30 hrs.<br>', 'turno': ''}"
3283,FARMACIA CRUZ VERDE,21 de mayo nº 1685-1687,2,19,+56552815523,0,"{'semana': 'Lunes - Viernes: 09:00 a 22:30 hrs.<br>Sábado: 09:30 a 22:00 hrs.<br>Domingo: 10:00 a 22:00 hrs.<br>Festivos: 10:00 a 22:00 hrs.<br>', 'dia': 'Viernes: 09:00 a 22:30 hrs.<br>', 'turno': ''}"
5443,FARMACIA CRUZ VERDE,"av. los carrera n° 4723, paseo sn. fernando",3,21,+56981369881,0,"{'semana': 'Lunes - Viernes: 09:00 a 22:00 hrs.<br>Sábado - Domingo: 10:00 a 22:00 hrs.<br>Festivos: 10:00 a 22:00 hrs.<br>', 'dia': 'Viernes: 09:00 a 22:00 hrs.<br>', 'turno': ''}"
3674,FARMACIA CRUZ VERDE,av. pedro aguirre cerda nº 9400,2,12,+56552236072,0,"{'semana': 'Lunes - Domingo: 10:00 a 22:00 hrs.<br>Festivos: 10:00 a 22:00 hrs.<br>', 'dia': 'Viernes: 10:00 a 22:00 hrs.<br>', 'turno': ''}"
338,FARMACIA CRUZ VERDE,vivar 706-710,1,5,+56572422908,0,"{'semana': 'Lunes - Viernes: 08:00 a 23:00 hrs.<br>Sábado - Domingo: 09:30 a 22:30 hrs.<br>Festivos: 09:30 a 22:30 hrs.<br>', 'dia': 'Viernes: 08:00 a 23:00 hrs.<br>', 'turno': ''}"
7251,FARMACIA CRUZ VERDE,ossa cerda n° 330,3,22,+5602226944000,0,"{'semana': 'Lunes - Viernes: 09:00 a 18:00 hrs.<br>Sábado: 09:00 a 14:00 hrs.<br>Domingo: Cerrado<br>', 'dia': 'Viernes: 09:00 a 18:00 hrs.<br>', 'turno': ''}"
3463,FARMACIA CRUZ VERDE,latorre nº 1997,2,16,+56552363079,0,"{'semana': 'Lunes - Viernes: 08:30 a 22:30 hrs.<br>Sábado: 09:00 a 22:30 hrs.<br>Domingo: 10:00 a 21:00 hrs.<br>Festivos: 10:00 a 21:00 hrs.<br>', 'dia': 'Viernes: 08:30 a 22:30 hrs.<br>', 'turno': ''}"
3683,FARMACIA CRUZ VERDE,m. a. matta nº1919,2,12,+56552551580,0,"{'semana': 'Lunes - Sábado: 09:00 a 21:30 hrs.<br>Domingo: Cerrado<br>', 'dia': 'Viernes: 09:00 a 21:30 hrs.<br>', 'turno': ''}"
341,FARMACIA CRUZ VERDE,vivar 854,1,5,+56572318321,0,"{'semana': 'Lunes - Viernes: 08:30 a 21:00 hrs.<br>Sábado: 09:30 a 20:00 hrs.<br>Domingo: 10:00 a 18:00 hrs.<br>Festivos: 10:30 a 18:00 hrs.<br>', 'dia': 'Viernes: 08:30 a 21:00 hrs.<br>', 'turno': ''}"
3800,FARMACIA CRUZ VERDE,"av. j.m. carrera nº 1527, local 3",2,12,+56552224232,0,"{'semana': 'Lunes - Viernes: 08:30 a 22:30 hrs.<br>Sábado: 09:00 a 22:00 hrs.<br>Domingo: 10:00 a 22:00 hrs.<br>', 'dia': 'Viernes: 08:30 a 22:30 hrs.<br>', 'turno': ''}"
5265,FARMACIA CRUZ VERDE,arturo prat n°491,2,12,+560228700717,0,"{'semana': 'Sábado y Domingo: Cerrado<br>', 'dia': 'Viernes: Cerrado', 'turno': ''}"
342,FARMACIA CRUZ VERDE,av. franciso bilbao 3545 local 14,1,5,+56572329247,0,"{'semana': 'Lunes - Viernes: 09:00 a 20:00 hrs.<br>Sábado: 10:00 a 20:00 hrs.<br>Domingo: 09:00 a 18:00 hrs.<br>Festivos: 09:00 a 19:00 hrs.<br>', 'dia': 'Viernes: 09:00 a 20:00 hrs.<br>', 'turno': ''}"
6795,FARMACIA CRUZ VERDE 1109,av. pedro aguirre cerda n°10578,2,12,+5655226944000,0,"{'semana': 'Lunes - Viernes: 09:00 a 18:00 hrs.<br>Sábado y Domingo: Cerrado<br>', 'dia': 'Viernes: 09:00 a 18:00 hrs.<br>', 'turno': ''}"
7898,FARMACIA DE MARÍA ELENA - FRACCIÓN,diego de almagro sin numero,2,20,+5636541152,0,"{'semana': 'Sábado y Domingo: Cerrado<br>', 'dia': 'Viernes: Cerrado', 'turno': ''}"
4084,FARMACIA DEL DESIERTO,huamachuco nº 9003,2,12,+565559025545,0,"{'semana': 'Lunes - Domingo: 10:00 a 21:00 hrs.<br>Festivos: 10:00 a 21:00 hrs.<br>', 'dia': 'Viernes: 10:00 a 21:00 hrs.<br>', 'turno': ''}"
5235,FARMACIA DEL DESIERTO II,"huamachuco 9163, antofagasta",2,12,+56978916495,0,"{'semana': 'Sábado y Domingo: Cerrado<br>', 'dia': 'Viernes: Cerrado', 'turno': ''}"
5867,FARMACIA DEL DESIERTO MEF,av. pedro aguirre cerda n°9630,2,12,+56552866597,0,"{'semana': 'Lunes - Domingo: 09:00 a 21:00 hrs.<br>', 'dia': 'Viernes: 09:00 a 21:00 hrs.<br>', 'turno': ''}"
3156,FARMACIA DEL DR.  SIMI,atacama n° 592,3,21,+56522381337,0,"{'semana': 'Lunes - Viernes: 09:00 a 21:00 hrs.<br>Sábado: 09:00 a 14:00 hrs.<br>Domingo: Cerrado<br>', 'dia': 'Viernes: 09:00 a 21:00 hrs.<br>', 'turno': ''}"
5037,FARMACIA DEL DR. SIMI,"avda. heroes de la concepcion 2608, iquique",1,5,+56572767902,0,"{'semana': 'Lunes - Viernes: 09:00 a 19:30 hrs.<br>Sábado: 10:00 a 19:30 hrs.<br>Domingo: 11:00 a 19:30 hrs.<br>', 'dia': 'Viernes: 09:00 a 19:30 hrs.<br>', 'turno': ''}"
6818,FARMACIA DEL DR. SIMI,merino jarpa n° 552,3,24,+56976856843,0,"{'semana': 'Lunes - Sábado: 09:30 a 14:00 y 15:00 a 20:30 hrs.<br>Domingo: Cerrado<br>', 'dia': 'Viernes: 09:30 a 14:00 y 15:00 a 20:30 hrs.<br>', 'turno': ''}"
3157,FARMACIA DEL DR. SIMI,maipu   n° 445,3,21,+56522384916,0,"{'semana': 'Lunes - Viernes: 09:00 a 21:00 hrs.<br>Sábado: 09:00 a 16:00 hrs.<br>Domingo: Cerrado<br>', 'dia': 'Viernes: 09:00 a 21:00 hrs.<br>', 'turno': ''}"
5746,FARMACIA DEL DR. SIMI,"av. los carrera n° 3408, l. 7",3,21,,0,"{'semana': 'Lunes - Sábado: 09:00 a 21:00 hrs.<br>Domingo: Cerrado<br>', 'dia': 'Viernes: 09:00 a 21:00 hrs.<br>', 'turno': ''}"
4634,FARMACIA DEL FORMULARIO,av. la pampa s/n local 14 centro comercial rossi,1,11,+56948650233,0,"{'semana': 'Lunes - Viernes: 09:00 a 17:00 hrs.<br>Sábado: 10:00 a 15:00 hrs.<br>Domingo: Cerrado<br>', 'dia': 'Viernes: 09:00 a 17:00 hrs.<br>', 'turno': ''}"
5420,FARMACIA DEL NORTE,av. ricaventura nº 11785,2,12,+56964080846,0,"{'semana': 'Sábado y Domingo: Cerrado<br>', 'dia': 'Viernes: Cerrado', 'turno': ''}"
7773,FARMACIA DERMAEXPRES,"av. pedro aguirre cerda n° 8251, local 17",2,12,+56552768792,0,"{'semana': 'Lunes - Viernes: 09:00 a 19:00 hrs.<br>Sábado y Domingo: Cerrado<br>', 'dia': 'Viernes: 09:00 a 19:00 hrs.<br>', 'turno': ''}"
4501,FARMACIA DERMAEXPRES,salvador reyes n°1145,2,12,+56552768792,0,"{'semana': 'Lunes - Sábado: 09:00 a 20:00 hrs.<br>Domingo: 10:00 a 17:00 hrs.<br>', 'dia': 'Viernes: 09:00 a 20:00 hrs.<br>', 'turno': ''}"
3466,FARMACIA DR SIMI,latorre nº 1883 local 4,2,16,+56552316022,0,"{'semana': 'Lunes - Sábado: 09:30 a 21:30 hrs.<br>Domingo: Cerrado<br>', 'dia': 'Viernes: 09:30 a 21:30 hrs.<br>', 'turno': ''}"
6415,FARMACIA DR SIMI,arturo prat n°619,2,12,+562489705,0,"{'semana': 'Lunes - Sábado: 09:00 a 21:00 hrs.<br>Domingo: Cerrado<br>Festivos: 09:00 a 21:00 hrs.<br>', 'dia': 'Viernes: 09:00 a 21:00 hrs.<br>', 'turno': ''}"
5585,FARMACIA DR. SIMI,tarapacá n° 385,1,5,+56572506708,0,"{'semana': 'Lunes: 09:00 a 19:00 hrs.<br>Martes - Viernes: 09:00 a 17:00 hrs.<br>Sábado: 09:00 a 14:30 hrs.<br>Domingo: Cerrado<br>', 'dia': 'Viernes: 09:00 a 17:00 hrs.<br>', 'turno': ''}"
4338,FARMACIA DR. SIMI,ramirez nº 538,1,5,+56572345181,0,"{'semana': 'Lunes - Viernes: 09:00 a 18:50 hrs.<br>Sábado y Domingo: Cerrado<br>', 'dia': 'Viernes: 09:00 a 18:50 hrs.<br>', 'turno': ''}"
5365,FARMACIA DR. SIMI,"salvador allende n°2241, local 5 y 6",1,5,+56572226246,0,"{'semana': 'Lunes - Viernes: 09:00 a 18:00 hrs.<br>Sábado: 09:00 a 17:00 hrs.<br>Domingo: Cerrado<br>', 'dia': 'Viernes: 09:00 a 18:00 hrs.<br>', 'turno': ''}"
3334,FARMACIA DR. SIMI,vivar 762-a,1,5,+56572472750,0,"{'semana': 'Lunes - Sábado: 09:00 a 21:00 hrs.<br>Domingo: Cerrado<br>', 'dia': 'Viernes: 09:00 a 21:00 hrs.<br>', 'turno': ''}"
4862,FARMACIA DR. SIMI,"avenida los alamos 3052-b, alto hospicio,  tarapaca",1,11,,0,"{'semana': 'Lunes - Sábado: 10:00 a 20:00 hrs.<br>Domingo: Cerrado<br>', 'dia': 'Viernes: 10:00 a 20:00 hrs.<br>', 'turno': ''}"
7246,FARMACIA DR. SIMI,"los condores n°3854, local 11 y 12",1,11,+560223140660,0,"{'semana': 'Lunes - Domingo: 09:00 a 21:00 hrs.<br>Festivos: 10:00 a 21:00 hrs.<br>', 'dia': 'Viernes: 09:00 a 21:00 hrs.<br>', 'turno': ''}"
8182,FARMACIA DR. SIMI,"progreso n° 2000, local 21",1,5,+56553661820,0,"{'semana': 'Lunes - Viernes: 08:00 a 17:30 hrs.<br>Sábado y Domingo: Cerrado<br>Festivos: 08:00 a 17:30 hrs.<br>', 'dia': 'Viernes: 08:00 a 17:30 hrs.<br>', 'turno': ''}"
5284,FARMACIA DR. SIMI,"avenida la tirana n° 3745, iquique",1,5,+56572383548,0,"{'semana': 'Lunes - Sábado: 09:00 a 20:00 hrs.<br>Domingo: Cerrado<br>', 'dia': 'Viernes: 09:00 a 20:00 hrs.<br>', 'turno': ''}"
6123,FARMACIA EL AMIGO DEL PUEBLO,avda. playa brava n° 2125,1,5,+56+56988084520,0,"{'semana': 'Lunes - Domingo: 11:00 a 21:00 hrs.<br>Festivos: 11:00 a 21:00 hrs.<br>', 'dia': 'Viernes: 11:00 a 21:00 hrs.<br>', 'turno': ''}"
9236,FARMACIA EMILUC,rancagua 2740,1,5,+56933228510,0,"{'semana': 'Lunes - Sábado: 11:00 a 20:00 hrs.<br>Domingo: Cerrado<br>', 'dia': 'Viernes: 11:00 a 20:00 hrs.<br>', 'turno': ''}"
8129,FARMACIA ESPACIO BILBAO IQUIQUE,"francisco bilbao n°3634, local 3",1,5,+560222243300,0,"{'semana': 'Sábado y Domingo: Cerrado<br>', 'dia': 'Viernes: Cerrado', 'turno': ''}"
6323,FARMACIA FARMA ATACAMA,av. el palomar n° 1419,3,21,+5676243712,0,"{'semana': 'Lunes - Sábado: 09:00 a 13:00 y 17:00 a 21:00 hrs.<br>Domingo: Cerrado<br>', 'dia': 'Viernes: 09:00 a 13:00 y 17:00 a 21:00 hrs.<br>', 'turno': ''}"
7203,FARMACIA FARMALIFE,benito ocampo 11640 local 15,2,12,+569933358665,0,"{'semana': 'Lunes - Viernes: 10:00 a 13:30 y 16:00 a 20:00 hrs.<br>Sábado: 10:00 a 13:30 hrs.<br>Domingo: Cerrado<br>', 'dia': 'Viernes: 10:00 a 13:30 y 16:00 a 20:00 hrs.<br>', 'turno': ''}"
4887,FARMACIA FARMANDINA,"av. progreso 2000, local 74, rampa 2, iquique",1,5,+56572410564,0,"{'semana': 'Lunes - Domingo: 08:30 a 16:30 hrs.<br>Festivos: 08:30 a 16:30 hrs.<br>', 'dia': 'Viernes: 08:30 a 16:30 hrs.<br>', 'turno': ''}"
7232,FARMACIA FARMANOR,carlos van buren n° 507,3,21,,0,"{'semana': 'Lunes - Sábado: 10:00 a 20:00 hrs.<br>Domingo: Cerrado<br>', 'dia': 'Viernes: 10:00 a 20:00 hrs.<br>', 'turno': ''}"
3665,FARMACIA FARMANUESTRA,bandera nº 7525,2,12,+56552551585,0,"{'semana': 'Lunes - Viernes: 09:30 a 14:00 y 16:30 a 21:30 hrs.<br>Sábado: 10:00 a 15:00 y 17:30 a 21:00 hrs.<br>Domingo: 10:00 a 15:00 hrs.<br>Festivos: 10:00 a 15:00 hrs.<br>', 'dia': 'Viernes: 09:30 a 14:00 y 16:30 a 21:30 hrs.<br>', 'turno': ''}"
6924,FARMACIA FARMAP,"pje. montalban n° 1251, villa o'higgins",3,21,+56522286016,0,"{'semana': 'Lunes - Viernes: 09:00 a 13:00 y 16:00 a 20:00 hrs.<br>Sábado: 09:00 a 13:00 hrs.<br>Domingo: Cerrado<br>', 'dia': 'Viernes: 09:00 a 13:00 y 16:00 a 20:00 hrs.<br>', 'turno': ''}"
4381,FARMACIA FARMAPLUSS,"prat nº 785, taltal",2,15,+56552612199,1,"{'semana': 'Lunes - Sábado: 10:00 a 21:30 hrs.<br>Domingo: Cerrado<br>', 'dia': 'Viernes: 10:00 a 21:30 hrs.<br>', 'turno': ''}"
3118,FARMACIA FARMASALUD,"av. el palomar n° 1525, int. unimarc",3,21,+56522212561,1,"{'semana': 'Lunes - Sábado: 09:00 a 22:30 hrs.<br>Domingo: 09:30 a 22:00 hrs.<br>Festivos: 09:30 a 22:00 hrs.<br>', 'dia': 'Viernes: 09:00 a 22:30 hrs.<br>', 'turno': ''}"
3149,FARMACIA FARMATERRA,miguel lemeur   n° 418,3,23,+56522329554,0,"{'semana': 'Lunes - Sábado: 09:00 a 14:00 y 16:00 a 22:00 hrs.<br>Domingo: Cerrado<br>', 'dia': 'Viernes: 09:00 a 14:00 y 16:00 a 22:00 hrs.<br>', 'turno': ''}"
6810,FARMACIA FARMATERRA,"av. cancha rayada n° 419, l. 1-2, stripcenter la chimba",3,21,,0,"{'semana': 'Lunes - Sábado: 10:00 a 21:00 hrs.<br>Domingo: 10:00 a 14:00 hrs.<br>', 'dia': 'Viernes: 10:00 a 21:00 hrs.<br>', 'turno': ''}"
5409,FARMACIA FARMAVEGA,av. salvador allende nº 330,2,12,+5675722077,0,"{'semana': 'Lunes - Sábado: 08:00 a 16:30 hrs.<br>Domingo: 09:00 a 16:00 hrs.<br>Festivos: 09:00 a 16:00 hrs.<br>', 'dia': 'Viernes: 08:00 a 16:30 hrs.<br>', 'turno': ''}"
7200,FARMACIA FARMAVIDA,avda. rendic 4793 local 1,2,12,+569974085647,0,"{'semana': 'Sábado y Domingo: Cerrado<br>', 'dia': 'Viernes: Cerrado', 'turno': ''}"
4076,FARMACIA FE Y ALEGRIA,"juan o'donovan  n° 6521, paipote",3,21,+562384624,0,"{'semana': 'Lunes - Viernes: 10:30 a 13:00 y 17:00 a 21:00 hrs.<br>Sábado: 10:30 a 14:00 hrs.<br>Domingo: Cerrado<br>', 'dia': 'Viernes: 10:30 a 13:00 y 17:00 a 21:00 hrs.<br>', 'turno': ''}"
3294,FARMACIA FIGUESAN,almirante latorre n° 637,2,13,+56552622038,0,"{'semana': 'Lunes - Sábado: 10:00 a 22:00 hrs.<br>Domingo: 10:00 a 21:00 hrs.<br>Festivos: 10:00 a 21:00 hrs.<br>', 'dia': 'Viernes: 10:00 a 22:00 hrs.<br>', 'turno': ''}"
5041,FARMACIA GACEMA II,av. argentina n°1667,2,12,+56934189735,0,"{'semana': 'Lunes - Viernes: 09:30 a 20:00 hrs.<br>Sábado y Domingo: Cerrado<br>', 'dia': 'Viernes: 09:30 a 20:00 hrs.<br>', 'turno': ''}"
3488,FARMACIA GALENO,las cruces nº 790,2,12,+56552933066,0,"{'semana': 'Lunes - Sábado: 09:00 a 22:30 hrs.<br>Domingo: 10:00 a 22:00 hrs.<br>Festivos: 10:00 a 22:00 hrs.<br>', 'dia': 'Viernes: 09:00 a 22:30 hrs.<br>', 'turno': ''}"
5240,FARMACIA GALENO,maipu n° 220,2,12,+56956679799,0,"{'semana': 'Sábado y Domingo: Cerrado<br>', 'dia': 'Viernes: Cerrado', 'turno': ''}"
3788,FARMACIA GALENO G,m. a. matta nº 2019,2,12,+56552549646,0,"{'semana': 'Lunes - Sábado: 10:00 a 20:00 hrs.<br>Domingo: Cerrado<br>', 'dia': 'Viernes: 10:00 a 20:00 hrs.<br>', 'turno': ''}"
3290,FARMACIA GALENO G,almirante latorre n° 795-b,2,13,+56552621755,0,"{'semana': 'Lunes - Sábado: 09:00 a 22:00 hrs.<br>Domingo: 10:30 a 13:00 y 17:00 a 22:00 hrs.<br>Festivos: 10:30 a 13:00 y 17:00 a 22:00 hrs.<br>', 'dia': 'Viernes: 09:00 a 22:00 hrs.<br>', 'turno': ''}"
9397,FARMACIA GALENO G-002,manuel antonio matta 2554,2,12,+569-56679821,0,"{'semana': 'Lunes - Viernes: 09:00 a 19:00 hrs.<br>Sábado: 09:00 a 14:00 hrs.<br>Domingo: Cerrado<br>', 'dia': 'Viernes: 09:00 a 19:00 hrs.<br>', 'turno': ''}"
4835,FARMACIA GENESIS,tarapaca n° 1698,1,5,,0,"{'semana': 'Lunes - Sábado: 09:00 a 21:30 hrs.<br>Domingo: Cerrado<br>', 'dia': 'Viernes: 09:00 a 21:30 hrs.<br>', 'turno': ''}"
5888,FARMACIA HIGEA,14 de febrero 2578,2,12,+5694537438,0,"{'semana': 'Lunes - Viernes: 08:30 a 20:00 hrs.<br>Sábado: 09:00 a 13:00 hrs.<br>Domingo: Cerrado<br>', 'dia': 'Viernes: 08:30 a 20:00 hrs.<br>', 'turno': ''}"
9223,FARMACIA HIGEA II,antonio josé de sucre 711,2,12,+5694537438,0,"{'semana': 'Sábado y Domingo: Cerrado<br>', 'dia': 'Viernes: Cerrado', 'turno': ''}"
5118,FARMACIA HOFFEN,vivar n° 1187,1,5,+56984493945,0,"{'semana': 'Lunes - Viernes: 10:00 a 15:00 hrs.<br>Sábado: 11:00 a 15:00 hrs.<br>Domingo: Cerrado<br>', 'dia': 'Viernes: 10:00 a 15:00 hrs.<br>', 'turno': ''}"
4286,FARMACIA INDEPENDIENTE EL LOA,avda.  vicuña mackena n° 2201,2,16,+56552341643,0,"{'semana': 'Sábado y Domingo: Cerrado<br>', 'dia': 'Viernes: Cerrado', 'turno': ''}"
8053,FARMACIA IRIS,riquelme n° 767,1,5,+56332520908,0,"{'semana': 'Lunes - Viernes: 09:00 a 19:00 hrs.<br>Sábado: 09:00 a 14:00 hrs.<br>Domingo: Cerrado<br>', 'dia': 'Viernes: 09:00 a 19:00 hrs.<br>', 'turno': ''}"
3356,FARMACIA JERUSALEN,"comercio 307, pozo almonte, tarapaca, chile",1,10,+56572751030,0,"{'semana': 'Lunes - Viernes: 09:00 a 22:00 hrs.<br>Sábado: 10:00 a 15:00 hrs.<br>Domingo: Cerrado<br>', 'dia': 'Viernes: 09:00 a 22:00 hrs.<br>', 'turno': ''}"
9398,FARMACIA JUAN PABLO II,avenida huamachuco 9926,2,12,+56975549019,0,"{'semana': 'Lunes - Viernes: 09:00 a 19:00 hrs.<br>Sábado: 10:00 a 18:00 hrs.<br>Domingo: 10:00 a 16:00 hrs.<br>', 'dia': 'Viernes: 09:00 a 19:00 hrs.<br>', 'turno': ''}"
5891,FARMACIA JUMBO ANTOFAGASTA,av. angamos n°745,2,12,+569988184968,0,"{'semana': 'Sábado y Domingo: Cerrado<br>', 'dia': 'Viernes: Cerrado', 'turno': ''}"
5865,FARMACIA JUMBO CALAMA,avenida chorrillos 1759,2,16,+56552686903,0,"{'semana': 'Sábado y Domingo: Cerrado<br>', 'dia': 'Viernes: Cerrado', 'turno': ''}"
7716,FARMACIA KARAL,av. juan martínez n°714,3,25,+56998313278,0,"{'semana': 'Lunes - Viernes: 13:00 a 21:00 hrs.<br>Sábado y Domingo: Cerrado<br>', 'dia': 'Viernes: 13:00 a 21:00 hrs.<br>', 'turno': ''}"
5427,FARMACIA KNOP,prat n°441,2,12,+5664716827,0,"{'semana': 'Lunes - Viernes: 10:00 a 20:00 hrs.<br>Sábado: 10:00 a 15:00 hrs.<br>Domingo: Cerrado<br>', 'dia': 'Viernes: 10:00 a 20:00 hrs.<br>', 'turno': ''}"
5791,FARMACIA KNOP,vivar n°762,1,5,,0,"{'semana': 'Lunes - Viernes: 09:00 a 18:00 hrs.<br>Sábado: 10:00 a 15:00 hrs.<br>Domingo: Cerrado<br>', 'dia': 'Viernes: 09:00 a 18:00 hrs.<br>', 'turno': ''}"
3124,FARMACIA LA BOTIKA,cousiño  n° 325,3,22,,0,"{'semana': 'Lunes - Sábado: 10:00 a 14:00 y 17:00 a 22:00 hrs.<br>Domingo: Cerrado<br>', 'dia': 'Viernes: 10:00 a 14:00 y 17:00 a 22:00 hrs.<br>', 'turno': ''}"
4892,FARMACIA LA BOTIKA,o'higgins n° 801,3,21,+56522541750,0,"{'semana': 'Lunes - Viernes: 09:30 a 20:30 hrs.<br>Sábado: 09:30 a 14:00 hrs.<br>Domingo: Cerrado<br>', 'dia': 'Viernes: 09:30 a 20:30 hrs.<br>', 'turno': ''}"
8130,FARMACIA LA BOTIKA,eleuterio ramirez n° 698,1,5,+560223239103,0,"{'semana': 'Lunes - Viernes: 09:00 a 18:00 hrs.<br>Sábado y Domingo: Cerrado<br>', 'dia': 'Viernes: 09:00 a 18:00 hrs.<br>', 'turno': ''}"
5350,FARMACIA LA ECONÓMICA ,av. argentina n°01975,2,12,+56995889924,0,"{'semana': 'Sábado y Domingo: Cerrado<br>', 'dia': 'Viernes: Cerrado', 'turno': ''}"
8049,FARMACIA LA ECONOMICA III,condell 2268,2,12,+56940167257,0,"{'semana': 'Sábado y Domingo: Cerrado<br>', 'dia': 'Viernes: Cerrado', 'turno': ''}"
6794,FARMACIA LACKUNTUR,la torre nº 1497,2,16,+569971703099,0,"{'semana': 'Lunes - Viernes: 08:30 a 19:30 hrs.<br>Sábado y Domingo: Cerrado<br>', 'dia': 'Viernes: 08:30 a 19:30 hrs.<br>', 'turno': ''}"
9053,FARMACIA MAICAO,tarapacá 521,1,5,+56226944000,0,"{'semana': 'Lunes - Viernes: 10:00 a 19:00 hrs.<br>Sábado y Domingo: Cerrado<br>', 'dia': 'Viernes: 10:00 a 19:00 hrs.<br>', 'turno': ''}"
9222,FARMACIA MAICAO,21 de mayo n° 1709,2,19,,0,"{'semana': 'Lunes - Viernes: 10:00 a 19:00 hrs.<br>Sábado y Domingo: Cerrado<br>', 'dia': 'Viernes: 10:00 a 19:00 hrs.<br>', 'turno': ''}"
8147,FARMACIA MAICAO LOCAL 073,manuel antonio matta n° 2465,2,12,+5626944000,0,"{'semana': 'Sábado y Domingo: Cerrado<br>', 'dia': 'Viernes: Cerrado', 'turno': ''}"
9007,FARMACIA MAS BIENESTAR,avenida antonio rendic 5834,2,12,+56940126396,0,"{'semana': 'Sábado y Domingo: Cerrado<br>', 'dia': 'Viernes: Cerrado', 'turno': ''}"
7201,FARMACIA MEBUR,avda bonilla 8724,2,12,+569941606843,0,"{'semana': 'Sábado y Domingo: Cerrado<br>', 'dia': 'Viernes: Cerrado', 'turno': ''}"
7062,FARMACIA MEGAFARMA,las americas n°4141,1,11,+56948664829,0,"{'semana': 'Lunes - Viernes: 09:00 a 17:00 hrs.<br>Sábado: 09:00 a 14:00 hrs.<br>Domingo: Cerrado<br>', 'dia': 'Viernes: 09:00 a 17:00 hrs.<br>', 'turno': ''}"
3138,FARMACIA MILANO,av. henriquez n° 495,3,21,+56522211305,0,"{'semana': 'Lunes - Viernes: 09:00 a 14:00 y 17:00 a 22:00 hrs.<br>Sábado: 09:00 a 14:00 y 00:00 a 00:00 hrs.<br>Domingo: Cerrado<br>', 'dia': 'Viernes: 09:00 a 14:00 y 17:00 a 22:00 hrs.<br>', 'turno': ''}"
6610,FARMACIA NACIONAL,vivar n°630,1,5,+56572225408,0,"{'semana': 'Lunes - Viernes: 09:00 a 22:00 hrs.<br>Sábado - Domingo: 10:00 a 21:00 hrs.<br>', 'dia': 'Viernes: 09:00 a 22:00 hrs.<br>', 'turno': ''}"
5980,FARMACIA NEOFARMA,"vivar n° 1191, iquique",1,5,+560229078933,0,"{'semana': 'Lunes - Viernes: 09:00 a 19:00 hrs.<br>Sábado y Domingo: Cerrado<br>', 'dia': 'Viernes: 09:00 a 19:00 hrs.<br>', 'turno': ''}"
7930,FARMACIA NORTHFARMA,"simon bolivar n°935, local 1",2,12,+5698630037,0,"{'semana': 'Sábado: 09:00 a 14:00 hrs.<br>Domingo: Cerrado<br>', 'dia': 'Viernes: Cerrado', 'turno': ''}"
7326,FARMACIA NOVASALUD,almirante latorre 675,1,5,,0,"{'semana': 'Lunes - Viernes: 09:00 a 18:00 hrs.<br>Sábado: 09:00 a 14:00 hrs.<br>Domingo: Cerrado<br>', 'dia': 'Viernes: 09:00 a 18:00 hrs.<br>', 'turno': ''}"
5414,FARMACIA NOVAVITA,patricio lynch n° 426,1,5,+56989007959,0,"{'semana': 'Lunes - Viernes: 08:30 a 18:00 hrs.<br>Sábado: 10:30 a 14:00 hrs.<br>Domingo: Cerrado<br>', 'dia': 'Viernes: 08:30 a 18:00 hrs.<br>', 'turno': ''}"
3796,FARMACIA NOVOA,m. a. matta nº 2517,2,12,+56552268827,0,"{'semana': 'Lunes - Sábado: 09:00 a 13:45 y 16:30 a 20:45 hrs.<br>Domingo: Cerrado<br>', 'dia': 'Viernes: 09:00 a 13:45 y 16:30 a 20:45 hrs.<br>', 'turno': ''}"
8183,FARMACIA OPTIMUS,vivar n° 1320,1,5,+56979588788,0,"{'semana': 'Lunes - Viernes: 09:00 a 19:00 hrs.<br>Sábado: 09:00 a 14:00 hrs.<br>Domingo: Cerrado<br>', 'dia': 'Viernes: 09:00 a 19:00 hrs.<br>', 'turno': ''}"
5193,FARMACIA O´HIGGINS,"o´higgins 265, taltal",2,15,+56996915608,0,"{'semana': 'Sábado y Domingo: Cerrado<br>', 'dia': 'Viernes: Cerrado', 'turno': ''}"
3159,FARMACIA PAEZ,raul barrionuevo  n° 156,3,24,+56522481455,0,"{'semana': 'Lunes - Sábado: 09:00 a 14:00 y 17:00 a 22:00 hrs.<br>Domingo: 10:30 a 14:00 y 18:30 a 22:00 hrs.<br>', 'dia': 'Viernes: 09:00 a 14:00 y 17:00 a 22:00 hrs.<br>', 'turno': ''}"
5792,FARMACIA PENINSULA,filomena valenzuela n°295-c,1,5,+56957086446,1,"{'semana': 'Lunes - Sábado: 10:00 a 22:00 hrs.<br>Domingo: Cerrado<br>', 'dia': 'Viernes: 10:00 a 22:00 hrs.<br>', 'turno': ''}"
4905,FARMACIA PORTOFINO,merino jarpa n° 547,3,24,+56522513739,0,"{'semana': 'Lunes - Sábado: 10:30 a 13:30 y 16:30 a 21:30 hrs.<br>Domingo: Cerrado<br>', 'dia': 'Viernes: 10:30 a 13:30 y 16:30 a 21:30 hrs.<br>', 'turno': ''}"
4494,FARMACIA PROSALUD,simon bolivar nº 598,2,12,,0,"{'semana': 'Lunes - Viernes: 09:00 a 21:00 hrs.<br>Sábado: 10:00 a 20:00 hrs.<br>Domingo: Cerrado<br>', 'dia': 'Viernes: 09:00 a 21:00 hrs.<br>', 'turno': ''}"
3148,FARMACIA PUNTA NEGRA,av. los carrera n° 5926,3,21,+56522369900,0,"{'semana': 'Lunes - Viernes: 09:00 a 13:00 y 16:00 a 21:00 hrs.<br>Sábado: 09:00 a 13:00 hrs.<br>Domingo: Cerrado<br>', 'dia': 'Viernes: 09:00 a 13:00 y 16:00 a 21:00 hrs.<br>', 'turno': ''}"
5669,FARMACIA RED DE CLINICAS REGIONALES,infante n° 861,3,21,,0,"{'semana': 'Lunes - Viernes: 10:00 a 19:00 hrs.<br>Sábado y Domingo: Cerrado<br>', 'dia': 'Viernes: 10:00 a 19:00 hrs.<br>', 'turno': ''}"
6840,FARMACIA REDNORTE,eleuterio ramirez n° 1340,1,5,+5656390165,0,"{'semana': 'Lunes - Viernes: 10:00 a 14:00 y 16:00 a 20:00 hrs.<br>Sábado: 12:30 a 20:00 hrs.<br>Domingo: Cerrado<br>Festivos: 12:30 a 20:00 hrs.<br>', 'dia': 'Viernes: 10:00 a 14:00 y 16:00 a 20:00 hrs.<br>', 'turno': ''}"
3659,FARMACIA RENDIC,juan bolivar n° 314,2,12,+56552543003,0,"{'semana': 'Lunes - Sábado: 10:00 a 22:00 hrs.<br>Domingo: Cerrado<br>', 'dia': 'Viernes: 10:00 a 22:00 hrs.<br>', 'turno': ''}"
4654,FARMACIA S Y G,granaderos n°2205,2,16,+56552866270,1,"{'semana': 'Sábado y Domingo: Cerrado<br>', 'dia': 'Viernes: Cerrado', 'turno': ''}"
3409,FARMACIA SALCOBRAND,ruta a -16 3350 local 3 supermercado unimarc,1,11,+568006003606000,1,"{'semana': 'Lunes - Sábado: 08:30 a 14:00 y 14:30 a 20:00 hrs.<br>Domingo: 09:00 a 14:00 y 14:30 a 19:00 hrs.<br>Festivos: 09:00 a 14:00 y 14:30 a 19:00 hrs.<br>', 'dia': 'Viernes: 08:30 a 14:00 y 14:30 a 20:00 hrs.<br>', 'turno': ''}"
3412,FARMACIA SALCOBRAND,"heroes de la concepcion 2555, mall las americas",1,5,+56572483116,1,"{'semana': 'Lunes - Domingo: 08:30 a 19:30 hrs.<br>', 'dia': 'Viernes: 08:30 a 19:30 hrs.<br>', 'turno': ''}"
4623,FARMACIA SALCOBRAND,oficina petronila n°195 a y b,2,12,,1,"{'semana': 'Sábado y Domingo: Cerrado<br>', 'dia': 'Viernes: Cerrado', 'turno': ''}"
3389,FARMACIA SALCOBRAND,vivar 647,1,5,+56572410171,1,"{'semana': 'Lunes - Viernes: 08:00 a 20:00 hrs.<br>Sábado: 09:00 a 20:00 hrs.<br>Domingo: 10:00 a 20:00 hrs.<br>', 'dia': 'Viernes: 08:00 a 20:00 hrs.<br>', 'turno': ''}"
5342,FARMACIA SALCOBRAND,av. balmaceda n°2355,2,12,,1,"{'semana': 'Sábado y Domingo: Cerrado<br>', 'dia': 'Viernes: Cerrado', 'turno': ''}"
4419,FARMACIA SALCOBRAND,m. a. matta nº 2001,2,12,,1,"{'semana': 'Lunes - Sábado: 09:00 a 22:00 hrs.<br>Domingo: 10:00 a 22:00 hrs.<br>Festivos: 10:00 a 22:00 hrs.<br>', 'dia': 'Viernes: 09:00 a 22:00 hrs.<br>', 'turno': ''}"
4655,FARMACIA SALCOBRAND,av. balmaceda n°2355,2,12,,1,"{'semana': 'Sábado y Domingo: Cerrado<br>', 'dia': 'Viernes: Cerrado', 'turno': ''}"
3395,FARMACIA SALCOBRAND,tarapaca 538,1,5,+568006003606000,1,"{'semana': 'Lunes - Viernes: 08:00 a 20:00 hrs.<br>Sábado: 09:00 a 18:00 hrs.<br>Domingo: Cerrado<br>', 'dia': 'Viernes: 08:00 a 20:00 hrs.<br>', 'turno': ''}"
5994,FARMACIA SALCOBRAND,"av. copayapu n° 2406, l. 1008, portal jumbo",3,21,+560224223300,1,"{'semana': 'Lunes - Domingo: 09:00 a 19:00 hrs.<br>Festivos: 09:00 a 19:00 hrs.<br>', 'dia': 'Viernes: 09:00 a 19:00 hrs.<br>', 'turno': ''}"
3399,FARMACIA SALCOBRAND,tarapaca 671-683,1,5,+56572471143,1,"{'semana': 'Lunes - Viernes: 08:30 a 21:00 hrs.<br>Sábado: 09:00 a 21:00 hrs.<br>Domingo: 10:00 a 20:00 hrs.<br>', 'dia': 'Viernes: 08:30 a 21:00 hrs.<br>', 'turno': ''}"
3401,FARMACIA SALCOBRAND,avenida arturo prat 1732,1,5,+56572518649,1,"{'semana': 'Lunes - Viernes: 08:00 a 20:00 hrs.<br>Sábado - Domingo: 09:00 a 20:00 hrs.<br>', 'dia': 'Viernes: 08:00 a 20:00 hrs.<br>', 'turno': ''}"
7225,FARMACIA SALCOBRAND L-752,avenida angamos 745,2,12,+5655224223300,1,"{'semana': 'Sábado y Domingo: Cerrado<br>', 'dia': 'Viernes: Cerrado', 'turno': ''}"
3797,FARMACIA SAN LUIS,uribe nº 800,2,12,+56552779360,0,"{'semana': 'Lunes - Viernes: 09:00 a 21:30 hrs.<br>Sábado: 09:30 a 21:30 hrs.<br>Domingo: Cerrado<br>', 'dia': 'Viernes: 09:00 a 21:30 hrs.<br>', 'turno': ''}"
5866,FARMACIA SAN MARCO,av. los exploradores n°14123,2,12,+56996126649,0,"{'semana': 'Lunes - Sábado: 09:00 a 21:00 hrs.<br>Domingo: 10:00 a 21:00 hrs.<br>Festivos: 10:00 a 21:00 hrs.<br>', 'dia': 'Viernes: 09:00 a 21:00 hrs.<br>', 'turno': ''}"
3155,FARMACIA SAN MARTIN,juan martinez n° 1107,3,25,+56522449032,0,"{'semana': 'Lunes - Viernes: 10:00 a 13:30 y 17:00 a 22:00 hrs.<br>Sábado: 10:30 a 13:30 y 17:00 a 22:00 hrs.<br>Domingo: 12:00 a 13:00 hrs.<br>Festivos: 12:00 a 13:00 hrs.<br>', 'dia': 'Viernes: 10:00 a 13:30 y 17:00 a 22:00 hrs.<br>', 'turno': ''}"
3180,FARMACIA SAN MIGUEL,av. 4 de julio n° 706,3,25,+56522475425,0,"{'semana': 'Lunes - Viernes: 09:30 a 14:00 y 16:00 a 21:30 hrs.<br>Sábado: 10:00 a 14:00 y 17:00 a 21:00 hrs.<br>Domingo: 11:00 a 14:00 hrs.<br>Festivos: 11:00 a 14:00 hrs.<br>', 'dia': 'Viernes: 09:30 a 14:00 y 16:00 a 21:30 hrs.<br>', 'turno': ''}"
7929,FARMACIA SAN PEDRO DE ATACAMA - FRACCION,vilama n° 425,2,501,+5687290062,0,"{'semana': 'Lunes - Sábado: 09:00 a 20:30 hrs.<br>Domingo: 09:00 a 13:15 y 14:30 a 16:30 hrs.<br>Festivos: 09:00 a 13:15 y 14:30 a 16:30 hrs.<br>', 'dia': 'Viernes: 09:00 a 20:30 hrs.<br>', 'turno': ''}"
4307,FARMACIA SANTO REMEDIO,ossa nº2046,2,12,+56552848981,0,"{'semana': 'Lunes - Viernes: 10:30 a 14:00 y 17:30 a 21:30 hrs.<br>Sábado: 10:30 a 14:00 hrs.<br>Domingo: Cerrado<br>', 'dia': 'Viernes: 10:30 a 14:00 y 17:30 a 21:30 hrs.<br>', 'turno': ''}"
4622,FARMACIA SIMI,maipu n°364,2,12,+56552222807,0,"{'semana': 'Lunes - Viernes: 09:00 a 22:00 hrs.<br>Sábado y Domingo: Cerrado<br>', 'dia': 'Viernes: 09:00 a 22:00 hrs.<br>', 'turno': ''}"
5192,FARMACIA SUPERFARMA,m. a. matta n°2207,2,12,+56953463212,0,"{'semana': 'Lunes - Domingo: 10:00 a 22:00 hrs.<br>Festivos: 10:00 a 22:00 hrs.<br>', 'dia': 'Viernes: 10:00 a 22:00 hrs.<br>', 'turno': ''}"
6069,FARMACIA SYG II,avenida arturo prat 1597,2,16,+5680099140660,1,"{'semana': 'Sábado y Domingo: Cerrado<br>', 'dia': 'Viernes: Cerrado', 'turno': ''}"
9201,FARMACIA TADEO HAENKE,avenida tadeo haenke 2099-a,1,5,+5693229037,0,"{'semana': 'Lunes - Sábado: 10:00 a 14:00 y 16:00 a 20:30 hrs.<br>Domingo: Cerrado<br>', 'dia': 'Viernes: 10:00 a 14:00 y 16:00 a 20:30 hrs.<br>', 'turno': ''}"
6056,FARMACIA TOCOPILLA,21 de mayo 1532-1524,2,19,+56931169654,0,"{'semana': 'Lunes - Sábado: 09:00 a 21:00 hrs.<br>Domingo: Cerrado<br>', 'dia': 'Viernes: 09:00 a 21:00 hrs.<br>', 'turno': ''}"
5369,FARMACIA TRI-O FARMA,"avda. salvador allende 2399, local 3, iquique",1,5,+56572431638,0,"{'semana': 'Lunes - Sábado: 10:00 a 19:00 hrs.<br>Domingo: Cerrado<br>', 'dia': 'Viernes: 10:00 a 19:00 hrs.<br>', 'turno': ''}"
7830,FARMACIA URIBE,uribe 815,2,12,+569968426756,0,"{'semana': 'Lunes - Viernes: 09:00 a 00:00 hrs.<br>Sábado y Domingo: Cerrado<br>', 'dia': 'Viernes: 09:00 a 00:00 hrs.<br>', 'turno': ''}"
3160,FARMACIA VARAS,zuleta n° 150,3,24,+56522481105,0,"{'semana': 'Lunes - Viernes: 09:30 a 22:00 hrs.<br>Sábado: 10:00 a 13:30 y 17:00 a 22:00 hrs.<br>Domingo: 11:00 a 13:30 hrs.<br>', 'dia': 'Viernes: 09:30 a 22:00 hrs.<br>', 'turno': ''}"
7011,FARMACIA VENFARMA,"maipu n° 580, l. 1",3,21,+56522503156,0,"{'semana': 'Lunes - Sábado: 09:00 a 00:00 hrs.<br>Domingo: 10:00 a 15:00 hrs.<br>', 'dia': 'Viernes: 09:00 a 00:00 hrs.<br>', 'turno': ''}"
8048,FARMACIA VERSAL,latorre 2716,2,12,+56968592317,0,"{'semana': 'Sábado y Domingo: Cerrado<br>', 'dia': 'Viernes: Cerrado', 'turno': ''}"
3286,FARMACIA VICTORIA,21 de mayo nº 1513-1529,2,19,+56552813238,0,"{'semana': 'Lunes - Viernes: 09:00 a 23:00 hrs.<br>Sábado - Domingo: 10:00 a 22:00 hrs.<br>Festivos: 10:00 a 22:00 hrs.<br>', 'dia': 'Viernes: 09:00 a 23:00 hrs.<br>', 'turno': ''}"
5605,FARMACIA VIDAMED,av. bernardo o'higgins n° 1404-a,1,5,+56984698218,0,"{'semana': 'Lunes - Viernes: 10:30 a 20:00 hrs.<br>Sábado: 11:00 a 17:30 hrs.<br>Domingo: Cerrado<br>', 'dia': 'Viernes: 10:30 a 20:00 hrs.<br>', 'turno': ''}"
5191,FARMACIA VISTA HERMOSA,oficina ausonia n°180,2,12,,0,"{'semana': 'Sábado y Domingo: Cerrado<br>', 'dia': 'Viernes: Cerrado', 'turno': ''}"
3416,FARMACIA VITAL,avenida los alamos  1056-b,1,11,+56572243843,0,"{'semana': 'Lunes - Viernes: 08:00 a 21:30 hrs.<br>Sábado - Domingo: 09:00 a 21:30 hrs.<br>', 'dia': 'Viernes: 08:00 a 21:30 hrs.<br>', 'turno': ''}"
7182,FARMACIA VITAL SANTA ROSA,av. valparaíso n° 4382,1,11,+56572623266,0,"{'semana': 'Lunes - Viernes: 10:00 a 18:00 hrs.<br>Sábado: 10:00 a 15:00 hrs.<br>Domingo: Cerrado<br>', 'dia': 'Viernes: 10:00 a 18:00 hrs.<br>', 'turno': ''}"
7010,FARMACIA Y PERFUMERÍA MI VICTORIA,"av. los carrera n° 1160, l. 1",3,21,+569968589996,1,"{'semana': 'Lunes - Viernes: 09:30 a 19:30 hrs.<br>Sábado: 00:00 a 18:00 hrs.<br>Domingo: 10:00 a 16:00 hrs.<br>Festivos: 10:00 a 16:00 hrs.<br>', 'dia': 'Viernes: 09:30 a 19:30 hrs.<br>', 'turno': ''}"
5428,FARMACIAS KNOP,latorre nº1986,2,16,+5658112622,0,"{'semana': 'Lunes - Viernes: 10:00 a 20:00 hrs.<br>Sábado: 10:00 a 15:00 hrs.<br>Domingo: Cerrado<br>', 'dia': 'Viernes: 10:00 a 20:00 hrs.<br>', 'turno': ''}"
4214,FARMADAVILA,avenida santa maría 2010,15,1,+562327617,0,"{'semana': 'Lunes - Sábado: 10:00 a 21:00 hrs.<br>Domingo: 10:00 a 17:00 hrs.<br>', 'dia': 'Viernes: 10:00 a 21:00 hrs.<br>', 'turno': ''}"
3402,FARMAHORIZONTE,benjamin vicuña mackenna 538,15,1,+562253796,0,"{'semana': 'Lunes - Viernes: 09:30 a 20:30 hrs.<br>Sábado: 10:00 a 14:00 hrs.<br>Domingo: Cerrado<br>', 'dia': 'Viernes: 09:30 a 20:30 hrs.<br>', 'turno': ''}"
6361,FARMAHORRO,calle paris 3574,15,1,,0,"{'semana': 'Lunes - Sábado: 09:00 a 22:00 hrs.<br>Domingo: Cerrado<br>', 'dia': 'Viernes: 09:00 a 22:00 hrs.<br>', 'turno': ''}"
6026,FARMAHORRO,avenida senador luis valente rossi 2330 - 2332,15,1,+56954062050,0,"{'semana': 'Lunes - Viernes: 09:30 a 15:00 y 17:00 a 21:00 hrs.<br>Sábado: 10:00 a 15:00 y 17:00 a 21:00 hrs.<br>Domingo: 11:00 a 14:00 y 18:00 a 20:00 hrs.<br>Festivos: 11:00 a 14:00 y 18:00 a 20:00 hrs.<br>', 'dia': 'Viernes: 09:30 a 15:00 y 17:00 a 21:00 hrs.<br>', 'turno': ''}"
4955,FARMAHORRO,cancha rayada 3529,15,1,+56582219279,0,"{'semana': 'Lunes - Sábado: 09:00 a 21:00 hrs.<br>Domingo: Cerrado<br>', 'dia': 'Viernes: 09:00 a 21:00 hrs.<br>', 'turno': ''}"
7767,FARMALIFE,arturo prat n° 796,2,12,+569936197572,0,"{'semana': 'Sábado: 09:00 a 14:30 hrs.<br>Domingo: Cerrado<br>', 'dia': 'Viernes: Cerrado', 'turno': ''}"
3349,FARMAX,avenida progreso 2000,1,5,+5657266402,1,"{'semana': 'Lunes - Domingo: 09:00 a 16:00 hrs.<br>', 'dia': 'Viernes: 09:00 a 16:00 hrs.<br>', 'turno': ''}"
3403,FARMAX,avenida manuel castillo ibaceta 3431,15,1,+562227495,0,"{'semana': 'Lunes - Domingo: 09:00 a 18:00 hrs.<br>Festivos: 09:00 a 19:00 hrs.<br>', 'dia': 'Viernes: 09:00 a 18:00 hrs.<br>', 'turno': ''}"
7597,FARMEDICAL,barros arana 2114,15,1,,0,"{'semana': 'Lunes - Sábado: 09:30 a 13:00 y 14:00 a 21:00 hrs.<br>Domingo: Cerrado<br>', 'dia': 'Viernes: 09:30 a 13:00 y 14:00 a 21:00 hrs.<br>', 'turno': ''}"
6194,FARMEDICAL,linderos 1217,15,1,+5673312901,0,"{'semana': 'Lunes - Sábado: 10:00 a 21:30 hrs.<br>Domingo: Cerrado<br>', 'dia': 'Viernes: 10:00 a 21:30 hrs.<br>', 'turno': ''}"
5723,GACEMA LOCAL N°3,av. pedro aguirre cerda nº 5900,2,12,,0,"{'semana': 'Sábado y Domingo: Cerrado<br>', 'dia': 'Viernes: Cerrado', 'turno': ''}"
3354,GENESIS,avenida los aromos 3018 l 12,1,11,+56572490672,0,"{'semana': 'Lunes - Sábado: 09:00 a 20:00 hrs.<br>Domingo: 10:00 a 21:00 hrs.<br>Festivos: 10:00 a 21:00 hrs.<br>', 'dia': 'Viernes: 09:00 a 20:00 hrs.<br>', 'turno': ''}"
6708,HERBALMED,thompson 601,1,5,+56988490453,0,"{'semana': 'Lunes - Viernes: 10:00 a 19:00 hrs.<br>Sábado: 12:00 a 17:00 hrs.<br>Domingo: Cerrado<br>', 'dia': 'Viernes: 10:00 a 19:00 hrs.<br>', 'turno': ''}"
3406,ISAIAS,cancha rayada 4136,15,1,+562219649,0,"{'semana': 'Lunes - Sábado: 08:30 a 22:00 hrs.<br>Domingo: 09:00 a 21:00 hrs.<br>Festivos: 09:00 a 21:00 hrs.<br>', 'dia': 'Viernes: 08:30 a 22:00 hrs.<br>', 'turno': ''}"
3254,ISAIAS  2,tucapel 2596,15,1,,0,"{'semana': 'Lunes - Sábado: 09:00 a 21:00 hrs.<br>Domingo: Cerrado<br>Festivos: 09:00 a 18:00 hrs.<br>', 'dia': 'Viernes: 09:00 a 21:00 hrs.<br>', 'turno': ''}"
3378,ISAIAS 3,gregorio argomedo 832,15,1,+562211760,0,"{'semana': 'Lunes - Sábado: 09:00 a 21:00 hrs.<br>Domingo: Cerrado<br>', 'dia': 'Viernes: 09:00 a 21:00 hrs.<br>', 'turno': ''}"
3384,ISAIAS 4,san ignacio de loyola 1067,15,1,+562248737,0,"{'semana': 'Lunes - Sábado: 09:00 a 14:00 y 17:00 a 21:00 hrs.<br>Domingo: Cerrado<br>', 'dia': 'Viernes: 09:00 a 14:00 y 17:00 a 21:00 hrs.<br>', 'turno': ''}"
3379,JERUSALEM,balmaceda 272,1,9,+56954109335,0,"{'semana': 'Lunes - Sábado: 09:00 a 14:00 y 16:00 a 21:00 hrs.<br>Domingo: 10:00 a 14:00 hrs.<br>', 'dia': 'Viernes: 09:00 a 14:00 y 16:00 a 21:00 hrs.<br>', 'turno': ''}"
7385,JUKU EXPRESS,cristóbal colón 461,15,1,,0,"{'semana': 'Lunes - Viernes: 09:00 a 19:00 hrs.<br>Sábado: 10:00 a 15:00 hrs.<br>Domingo: Cerrado<br>', 'dia': 'Viernes: 09:00 a 19:00 hrs.<br>', 'turno': ''}"
5160,KNOP,21 de mayo 320,15,1,+56224889599,0,"{'semana': 'Lunes - Viernes: 10:00 a 20:00 hrs.<br>Sábado: 10:00 a 15:00 hrs.<br>Domingo: Cerrado<br>', 'dia': 'Viernes: 10:00 a 20:00 hrs.<br>', 'turno': ''}"
7962,LA BOTICA,cristóbal colón 779,15,1,,0,"{'semana': 'Lunes - Sábado: 09:00 a 20:30 hrs.<br>Domingo: Cerrado<br>', 'dia': 'Viernes: 09:00 a 20:30 hrs.<br>', 'turno': ''}"
6359,LA BOTIKA SIN IGUAL,latorre n°2064,2,16,+569988460449,0,"{'semana': 'Lunes - Viernes: 09:00 a 21:30 hrs.<br>Sábado: 10:00 a 21:30 hrs.<br>Domingo: Cerrado<br>', 'dia': 'Viernes: 09:00 a 21:30 hrs.<br>', 'turno': ''}"
7143,LA ECONOMICA II,sucre 428 -430,2,12,+569962394475,1,"{'semana': 'Lunes - Viernes: 07:30 a 20:00 hrs.<br>Sábado: 09:00 a 14:00 hrs.<br>Domingo: Cerrado<br>', 'dia': 'Viernes: 07:30 a 20:00 hrs.<br>', 'turno': ''}"
3359,LAS AMERICAS,avenida las americas manzana 19 sitio 1 la pampa,1,11,+56572493467,0,"{'semana': 'Lunes - Viernes: 09:00 a 21:00 hrs.<br>Sábado: 10:00 a 21:00 hrs.<br>Domingo: 11:00 a 21:00 hrs.<br>', 'dia': 'Viernes: 09:00 a 21:00 hrs.<br>', 'turno': ''}"
5606,LIGA CHILENA CONTRA LA EPILEPSIA,arturo prat n°272 local 6-b,2,12,+56552498804,0,"{'semana': 'Lunes - Viernes: 09:30 a 19:00 hrs.<br>Sábado: 10:00 a 13:00 hrs.<br>Domingo: Cerrado<br>', 'dia': 'Viernes: 09:30 a 19:00 hrs.<br>', 'turno': ''}"
4914,LIGA CHILENA CONTRA LA EPILEPSIA,"gorostiaga n° 451, iquique, region tarapaca",1,5,,0,"{'semana': 'Lunes - Viernes: 09:30 a 17:15 hrs.<br>Sábado: 09:30 a 13:00 hrs.<br>Domingo: Cerrado<br>', 'dia': 'Viernes: 09:30 a 17:15 hrs.<br>', 'turno': ''}"
6707,LOS ALAMOS,los castaños n° 2954,1,11,+56997746900,0,"{'semana': 'Lunes - Viernes: 08:00 a 16:00 hrs.<br>Sábado: 09:00 a 14:00 hrs.<br>Domingo: Cerrado<br>', 'dia': 'Viernes: 08:00 a 16:00 hrs.<br>', 'turno': ''}"
3408,M&M,tucapel 2119-a,15,1,+562264143,0,"{'semana': 'Lunes - Viernes: 17:00 a 21:00 hrs.<br>Sábado: 09:00 a 13:30 y 17:00 a 21:00 hrs.<br>Domingo: Cerrado<br>', 'dia': 'Viernes: 17:00 a 21:00 hrs.<br>', 'turno': ''}"
8146,MAICAO,eleuterio ramirez n° 1920,2,16,+56226944000,0,"{'semana': 'Lunes - Viernes: 10:00 a 19:00 hrs.<br>Sábado y Domingo: Cerrado<br>', 'dia': 'Viernes: 10:00 a 19:00 hrs.<br>', 'turno': ''}"
6015,MAS SALUD,las torres 2662,15,1,+56979848365,0,"{'semana': 'Lunes - Sábado: 08:30 a 21:30 hrs.<br>Domingo: 10:00 a 14:00 y 16:00 a 20:30 hrs.<br>Festivos: 10:00 a 14:00 y 16:00 a 20:30 hrs.<br>', 'dia': 'Viernes: 08:30 a 21:30 hrs.<br>', 'turno': ''}"
8050,MG FARMACIAS DEL NORTE,uribe 323,2,12,+56976492862,0,"{'semana': 'Sábado y Domingo: Cerrado<br>', 'dia': 'Viernes: Cerrado', 'turno': ''}"
5264,MZ,diego portales 1380,15,1,+56582223824,0,"{'semana': 'Lunes - Sábado: 09:30 a 15:00 y 16:30 a 21:00 hrs.<br>Domingo: 10:00 a 15:00 hrs.<br>Festivos: 10:00 a 15:00 hrs.<br>', 'dia': 'Viernes: 09:30 a 15:00 y 16:30 a 21:00 hrs.<br>', 'turno': ''}"
3360,NACIONAL,vivar 855 local 4a,1,5,+56572429482,0,"{'semana': 'Lunes - Viernes: 09:00 a 20:00 hrs.<br>Sábado - Domingo: 10:00 a 20:00 hrs.<br>Festivos: 10:00 a 20:00 hrs.<br>', 'dia': 'Viernes: 09:00 a 20:00 hrs.<br>', 'turno': ''}"
5724,NOVASALUD,av. balmaceda n°2532 local  101,2,12,+560225990073,0,"{'semana': 'Sábado y Domingo: Cerrado<br>', 'dia': 'Viernes: Cerrado', 'turno': ''}"
7452,PHARMA NORTE,cancha rayada 4290,15,1,,0,"{'semana': 'Lunes - Domingo: 10:00 a 23:59 hrs.<br>', 'dia': 'Viernes: 10:00 a 23:59 hrs.<br>', 'turno': ''}"
3382,PLAYA BRAVA,avenida playa brava 1890,1,5,+56572441356,0,"{'semana': 'Lunes - Viernes: 09:00 a 19:30 hrs.<br>Sábado: 09:30 a 18:30 hrs.<br>Domingo: Cerrado<br>', 'dia': 'Viernes: 09:00 a 19:30 hrs.<br>', 'turno': ''}"
6733,POLICLINICO CONAC,eduardo lefort n°1638,2,12,,0,"{'semana': 'Sábado y Domingo: Cerrado<br>', 'dia': 'Viernes: Cerrado', 'turno': ''}"
3387,PRINCIPAL,sargento aldea  739-a,1,5,+56572211462,0,"{'semana': 'Lunes - Viernes: 09:30 a 13:45 y 16:30 a 20:30 hrs.<br>Sábado: 10:00 a 13:45 hrs.<br>Domingo: Cerrado<br>', 'dia': 'Viernes: 09:30 a 13:45 y 16:30 a 20:30 hrs.<br>', 'turno': ''}"
9387,PURA SALUD,avenida angamos 492,2,12,+56989725303,0,"{'semana': 'Sábado y Domingo: Cerrado<br>', 'dia': 'Viernes: Cerrado', 'turno': ''}"
4954,QULLANI,avenida diego portales 1599,15,1,+56959491736,0,"{'semana': 'Lunes - Viernes: 10:00 a 21:00 hrs.<br>Sábado: 10:00 a 20:00 hrs.<br>Domingo: Cerrado<br>', 'dia': 'Viernes: 10:00 a 21:00 hrs.<br>', 'turno': ''}"
9023,QULLANI II,cancha rayada 3608,15,1,+569 89520008,0,"{'semana': 'Lunes - Viernes: 09:30 a 19:00 hrs.<br>Sábado: 10:00 a 17:00 hrs.<br>Domingo: Cerrado<br>', 'dia': 'Viernes: 09:30 a 19:00 hrs.<br>', 'turno': ''}"
3462,REDPOPULAR LOCAL N°1,latorre nº 1903,2,16,+56552362350,0,"{'semana': 'Lunes - Viernes: 09:00 a 22:00 hrs.<br>Sábado: 10:00 a 14:00 y 18:30 a 22:20 hrs.<br>Domingo: 10:30 a 18:30 hrs.<br>Festivos: 10:30 a 18:30 hrs.<br>', 'dia': 'Viernes: 09:00 a 22:00 hrs.<br>', 'turno': ''}"
3470,REDPOPULAR LOCAL N°2,av. aconcagua nº 2588,2,16,+56552343186,0,"{'semana': 'Lunes - Viernes: 10:00 a 22:00 hrs.<br>Sábado: 10:30 a 22:30 hrs.<br>Domingo: 10:30 a 14:00 y 17:00 a 22:00 hrs.<br>Festivos: 10:30 a 14:00 y 17:00 a 22:00 hrs.<br>', 'dia': 'Viernes: 10:00 a 22:00 hrs.<br>', 'turno': ''}"
5592,SALCOBRAND,"avenida diego portales 157 locales 112, 113, 114 y 115",15,1,+5624223300,1,"{'semana': 'Lunes - Sábado: 08:30 a 21:00 hrs.<br>Domingo: 09:00 a 21:00 hrs.<br>Festivos: 09:00 a 21:00 hrs.<br>', 'dia': 'Viernes: 08:30 a 21:00 hrs.<br>', 'turno': ''}"
3413,SALCOBRAND,cristóbal colón 598,15,1,+562255274,1,"{'semana': 'Lunes - Miércoles: 09:00 a 14:00 y 17:00 a 22:00 hrs.<br>Jueves - Viernes: 09:00 a 22:00 hrs.<br>Sábado: 09:00 a 14:00 y 17:00 a 22:00 hrs.<br>Domingo: 10:00 a 14:00 y 16:00 a 22:00 hrs.<br>Festivos: 10:00 a 14:00 y 16:00 a 22:00 hrs.<br>', 'dia': 'Viernes: 09:00 a 22:00 hrs.<br>', 'turno': ''}"
3471,SALCOBRAND,"av. chorrillos nº 1749, int jumbo",2,16,+56552347913,1,"{'semana': 'Lunes - Jueves: 08:30 a 22:30 hrs.<br>Viernes - Sábado: 08:30 a 23:00 hrs.<br>Domingo: 08:30 a 22:30 hrs.<br>Festivos: 08:30 a 22:30 hrs.<br>', 'dia': 'Viernes: 08:30 a 23:00 hrs.<br>', 'turno': ''}"
3415,SALCOBRAND,21 de mayo 300,15,1,+562253551,1,"{'semana': 'Lunes - Viernes: 08:30 a 21:00 hrs.<br>Sábado: 09:00 a 21:00 hrs.<br>Domingo: 10:00 a 20:30 hrs.<br>Festivos: 10:00 a 20:30 hrs.<br>', 'dia': 'Viernes: 08:30 a 21:00 hrs.<br>', 'turno': ''}"
3472,SALCOBRAND,"av. balmaceda nº 3242, l-104",2,16,+56552362795,1,"{'semana': 'Lunes - Sábado: 09:30 a 22:00 hrs.<br>Domingo: 10:00 a 22:00 hrs.<br>Festivos: 10:00 a 22:00 hrs.<br>', 'dia': 'Viernes: 09:30 a 22:00 hrs.<br>', 'turno': ''}"
3451,SALCOBRAND,latorre nº 1987,2,16,+56552310275,1,"{'semana': 'Lunes - Sábado: 09:00 a 22:30 hrs.<br>Domingo: 10:00 a 22:00 hrs.<br>Festivos: 09:00 a 22:30 hrs.<br>', 'dia': 'Viernes: 09:00 a 22:30 hrs.<br>', 'turno': ''}"
3795,SALCOBRAND,arturo prat nº 656,2,12,+56552285443,1,"{'semana': 'Lunes - Sábado: 09:00 a 22:30 hrs.<br>Domingo: 11:00 a 22:00 hrs.<br>Festivos: 10:00 a 22:00 hrs.<br>', 'dia': 'Viernes: 09:00 a 22:30 hrs.<br>', 'turno': ''}"
3452,SALCOBRAND,eleuterio ramirez nº 2031,2,16,+56552361224,1,"{'semana': 'Sábado y Domingo: Cerrado<br>', 'dia': 'Viernes: Cerrado', 'turno': ''}"
5429,SALCOBRAND,"avenida diego portales 640, locales bh 1121, 1125, 1129, 1133",15,1,+56224223300,1,"{'semana': 'Lunes - Sábado: 09:00 a 21:00 hrs.<br>Domingo: 10:00 a 20:00 hrs.<br>Festivos: 10:00 a 20:00 hrs.<br>', 'dia': 'Viernes: 09:00 a 21:00 hrs.<br>', 'turno': ''}"
3454,SALCOBRAND,"vivar nº 1902-1912, local 1051",2,16,+56552342823,1,"{'semana': 'Lunes - Sábado: 08:30 a 22:00 hrs.<br>Domingo: 10:00 a 21:00 hrs.<br>Festivos: 10:00 a 21:00 hrs.<br>', 'dia': 'Viernes: 08:30 a 22:00 hrs.<br>', 'turno': ''}"
3484,SALCOBRAND,coquimbo nº 712,2,12,+56552252887,1,"{'semana': 'Lunes - Viernes: 08:30 a 21:00 hrs.<br>Sábado: 09:00 a 19:00 hrs.<br>Domingo: 10:00 a 18:00 hrs.<br>Festivos: 10:00 a 18:00 hrs.<br>', 'dia': 'Viernes: 08:30 a 21:00 hrs.<br>', 'turno': ''}"
3485,SALCOBRAND,m. a. matta nº 2503-2511,2,12,+56552287907,1,"{'semana': 'Lunes - Sábado: 09:00 a 22:30 hrs.<br>Domingo: 10:00 a 22:00 hrs.<br>Festivos: 10:00 a 22:00 hrs.<br>', 'dia': 'Viernes: 09:00 a 22:30 hrs.<br>', 'turno': ''}"
3464,SALCOBRAND,av. granaderos nª 1474,2,16,+56552364481,1,"{'semana': 'Lunes - Viernes: 08:30 a 21:30 hrs.<br>Sábado: 09:00 a 15:00 hrs.<br>Domingo: Cerrado<br>', 'dia': 'Viernes: 08:30 a 21:30 hrs.<br>', 'turno': ''}"
3686,SALCOBRAND,a. prat nº 553-555,2,12,+56552224418,1,"{'semana': 'Lunes - Viernes: 08:30 a 22:30 hrs.<br>Sábado: 09:00 a 22:00 hrs.<br>Domingo: 10:00 a 22:00 hrs.<br>', 'dia': 'Viernes: 08:30 a 22:30 hrs.<br>', 'turno': ''}"
3801,SALCOBRAND,"zenteno nº 21, interior lider",2,12,+56552497521,1,"{'semana': 'Lunes - Domingo: 09:00 a 22:30 hrs.<br>Festivos: 09:00 a 22:30 hrs.<br>', 'dia': 'Viernes: 09:00 a 22:30 hrs.<br>', 'turno': ''}"
5599,SALCOBRAND LOCAL 620,"av. angamos n°02170, local 103",2,12,,1,"{'semana': 'Lunes - Domingo: 09:00 a 22:00 hrs.<br>Festivos: 09:00 a 22:00 hrs.<br>', 'dia': 'Viernes: 09:00 a 22:00 hrs.<br>', 'turno': ''}"
7003,SAN BENITO DE PALERMO,rafael sotomayor 1524,15,1,,0,"{'semana': 'Lunes - Sábado: 09:00 a 14:00 y 15:00 a 21:00 hrs.<br>Domingo: 11:00 a 14:00 y 15:00 a 19:00 hrs.<br>Festivos: 11:00 a 14:00 y 15:00 a 19:00 hrs.<br>', 'dia': 'Viernes: 09:00 a 14:00 y 15:00 a 21:00 hrs.<br>', 'turno': ''}"
4952,SOFIA,ginebra 3603,15,1,+56582431904,0,"{'semana': 'Lunes - Sábado: 09:00 a 13:30 y 14:00 a 23:00 hrs.<br>Domingo: Cerrado<br>', 'dia': 'Viernes: 09:00 a 13:30 y 14:00 a 23:00 hrs.<br>', 'turno': ''}"
5984,SOFIA 2,patricio lynch 597,15,1,+56936258465,0,"{'semana': 'Lunes - Viernes: 09:30 a 15:00 y 15:30 a 21:00 hrs.<br>Sábado: 10:00 a 14:00 y 14:30 a 21:00 hrs.<br>Domingo: Cerrado<br>', 'dia': 'Viernes: 09:30 a 15:00 y 15:30 a 21:00 hrs.<br>', 'turno': ''}"
6859,SOFIA 3,benjamin vicuña mackenna 908,15,1,,0,"{'semana': 'Lunes - Viernes: 09:00 a 13:30 y 14:00 a 20:00 hrs.<br>Sábado: 10:00 a 13:30 y 14:00 a 20:00 hrs.<br>Domingo: Cerrado<br>', 'dia': 'Viernes: 09:00 a 13:30 y 14:00 a 20:00 hrs.<br>', 'turno': ''}"
7826,TU SALUD,guillermo thomas 18,15,1,,0,"{'semana': 'Lunes - Viernes: 10:00 a 14:00 y 17:00 a 21:00 hrs.<br>Sábado: 10:00 a 14:00 hrs.<br>Domingo: Cerrado<br>', 'dia': 'Viernes: 10:00 a 14:00 y 17:00 a 21:00 hrs.<br>', 'turno': ''}"
3381,TU SALUD,"avenida capitán ávalos 2010, local 13",15,1,+562248737,0,"{'semana': 'Lunes - Viernes: 10:00 a 14:00 y 17:00 a 21:00 hrs.<br>Sábado: 10:00 a 14:00 hrs.<br>Domingo: Cerrado<br>', 'dia': 'Viernes: 10:00 a 14:00 y 17:00 a 21:00 hrs.<br>', 'turno': ''}"
4282,URGENCIA,cristóbal colón 511,15,1,+562232155,0,"{'semana': 'Lunes - Viernes: 09:00 a 20:00 hrs.<br>Sábado: 09:30 a 16:30 hrs.<br>Domingo: Cerrado<br>', 'dia': 'Viernes: 09:00 a 20:00 hrs.<br>', 'turno': ''}"
4035,VIDA SANA,cancha rayada 4130,15,1,+56582215494,0,"{'semana': 'Lunes - Sábado: 09:00 a 21:00 hrs.<br>Domingo: Cerrado<br>', 'dia': 'Viernes: 09:00 a 21:00 hrs.<br>', 'turno': ''}"
7925,WILAMASI,los aymaras 56,15,1,,0,"{'semana': 'Lunes - Viernes: 09:30 a 14:30 y 15:00 a 18:30 hrs.<br>Sábado: 09:30 a 14:30 hrs.<br>Domingo: Cerrado<br>', 'dia': 'Viernes: 09:30 a 14:30 y 15:00 a 18:30 hrs.<br>', 'turno': ''}"
3418,ZONA VITAL,la pampa 3779 local 3-4 sector a 1,1,11,+56572730275,0,"{'semana': 'Lunes - Sábado: 10:00 a 14:00 y 15:30 a 22:30 hrs.<br>Domingo: Cerrado<br>', 'dia': 'Viernes: 10:00 a 14:00 y 15:30 a 22:30 hrs.<br>', 'turno': ''}"
4838,BOTICA COMUNAL LA ESTRELLA,los concejales l-2,3,21,+562244905,0,"{'semana': 'Lunes - Viernes: 08:00 a 13:30 hrs.<br>Sábado y Domingo: Cerrado<br>', 'dia': 'Viernes: 08:00 a 13:30 hrs.<br>', 'turno': ''}"
5171,FARMACIA CIUDADANA DE CALAMA,esmeralda n° 1814,2,16,+56552540418,0,"{'semana': 'Lunes - Jueves: 08:00 a 16:30 hrs.<br>Viernes: 08:00 a 15:30 hrs.<br>Sábado y Domingo: Cerrado<br>', 'dia': 'Viernes: 08:00 a 15:30 hrs.<br>', 'turno': ''}"
4653,FARMACIA COMUNAL DE ANTOFAGASTA,"avenida septimo de linea 3505, antofagasta",2,12,+56968982465,0,"{'semana': 'Lunes - Viernes: 08:00 a 15:00 hrs.<br>Sábado y Domingo: Cerrado<br>', 'dia': 'Viernes: 08:00 a 15:00 hrs.<br>', 'turno': ''}"
4695,FARMACIA COMUNAL DE IQUIQUE,la torre n° 345,1,5,+56572544700,1,"{'semana': 'Lunes - Jueves: 08:30 a 16:30 hrs.<br>Viernes: 08:30 a 14:00 hrs.<br>Sábado y Domingo: Cerrado<br>', 'dia': 'Viernes: 08:30 a 14:00 hrs.<br>', 'turno': ''}"
4848,FARMACIA COMUNAL POZO ALMONTE,"comercio n° 397, pozo almonte, tarapacá",1,10,+56963336249,0,"{'semana': 'Lunes - Jueves: 08:00 a 16:30 hrs.<br>Viernes: 08:00 a 15:30 hrs.<br>Sábado y Domingo: Cerrado<br>', 'dia': 'Viernes: 08:00 a 15:30 hrs.<br>', 'turno': ''}"
7023,FARMACIA MUNICIPAL ALTO HOSPICIO,los alamos 3056,1,11,+56572583455,0,"{'semana': 'Sábado y Domingo: Cerrado<br>', 'dia': 'Viernes: Cerrado', 'turno': ''}"
4957,FARMACIA MUNICIPAL ARICA SECTRO CENTRO,18 de septiembre 453,15,1,+5691452926,0,"{'semana': 'Lunes - Jueves: 08:30 a 17:30 hrs.<br>Viernes: 08:30 a 16:30 hrs.<br>Sábado y Domingo: Cerrado<br>', 'dia': 'Viernes: 08:30 a 16:30 hrs.<br>', 'turno': ''}"
8200,FARMACIA POPULAR ALCALDE CARLOS IRIBARREN AHUMADA,ojancos 24,3,23,+56522329009,0,"{'semana': 'Lunes - Jueves: 09:00 a 16:00 hrs.<br>Viernes: 09:00 a 15:00 hrs.<br>Sábado y Domingo: Cerrado<br>', 'dia': 'Viernes: 09:00 a 15:00 hrs.<br>', 'turno': ''}"
339,FARMACIA MÓVIL ITINERANTE CRUZ VERDE,vicuña mackena s/n,1,8,+56570966459,0,"{'semana': 'Martes: 11:00 a 15:00 hrs.<br>Sábado y Domingo: Cerrado<br>', 'dia': 'Viernes: Cerrado', 'turno': ''}"
340,FARMACIA MÓVIL ITINERANTE CRUZ VERDE,teniente pedro gonzalez s/n,1,7,+56570966459,0,"{'semana': 'Lunes: 09:30 a 13:30 hrs.<br>Sábado y Domingo: Cerrado<br>', 'dia': 'Viernes: Cerrado', 'turno': ''}"
3123, FARMACIA LA BOTIKA,maipu n° 421,3,21,+56522215236,0,"{'semana': 'Lunes - Viernes: 09:00 a 21:30 hrs.<br>Sábado: 10:00 a 21:30 hrs.<br>Domingo: Cerrado<br>', 'dia': 'Viernes: 09:00 a 21:30 hrs.<br>', 'turno': ''}"
6013,24 HORAS,21 de mayo 497,15,1,+562252778,0,"{'semana': 'Lunes - Domingo: 00:00 a 24:00 hrs.<br>Festivos: 00:00 a 24:00 hrs.<br>', 'dia': 'Viernes: 00:00 a 24:00 hrs.<br>', 'turno': ''}"
9239,24 HORAS,18 de septiembre 1061,15,1,,0,"{'semana': 'Lunes - Sábado: 09:00 a 21:00 hrs.<br>Domingo: Cerrado<br>', 'dia': 'Viernes: 09:00 a 21:00 hrs.<br>', 'turno': ''}"
5263,24 HORAS,chacabuco 410,15,1,+5654133074,0,"{'semana': 'Lunes - Viernes: 08:00 a 23:00 hrs.<br>Sábado - Domingo: 09:00 a 23:00 hrs.<br>Festivos: 09:00 a 23:00 hrs.<br>', 'dia': 'Viernes: 08:00 a 23:00 hrs.<br>', 'turno': ''}"
3595,AHUMADA,"los alamos 580, sindempart",4,31,,1,"{'semana': 'Lunes - Domingo: 09:00 a 22:00 hrs.<br>Festivos: 09:00 a 22:00 hrs.<br>', 'dia': 'Viernes: 09:00 a 22:00 hrs.<br>', 'turno': ''}"
3606,AHUMADA,avda. fco. de aguirre 2 local 9 y 10,4,30,,1,"{'semana': 'Lunes - Domingo: 09:00 a 22:00 hrs.<br>Festivos: 09:00 a 22:00 hrs.<br>', 'dia': 'Viernes: 09:00 a 22:00 hrs.<br>', 'turno': ''}"
3607,AHUMADA,domeyko 55,4,31,,0,"{'semana': 'Lunes - Domingo: 09:00 a 22:00 hrs.<br>Festivos: 09:00 a 22:00 hrs.<br>', 'dia': 'Viernes: 09:00 a 22:00 hrs.<br>', 'turno': ''}"
3644,AHUMADA,"los clarines 59, sindempart",4,31,+5656940042381 - 56991360223,1,"{'semana': 'Sábado y Domingo: Cerrado<br>', 'dia': 'Viernes: Cerrado', 'turno': ''}"
4091,AHUMADA,av. pedro aguirre cerda nº9400,2,12,,1,"{'semana': 'Lunes - Sábado: 10:00 a 19:30 hrs.<br>Domingo: Cerrado<br>', 'dia': 'Viernes: 10:00 a 19:30 hrs.<br>', 'turno': ''}"
3587,AHUMADA,regimiento arica 6145 local 5,4,30,,1,"{'semana': 'Lunes - Domingo: 09:00 a 22:00 hrs.<br>Festivos: 09:00 a 22:00 hrs.<br>', 'dia': 'Viernes: 09:00 a 22:00 hrs.<br>', 'turno': ''}"
3626,AHUMADA,balmaceda 2154,4,30,,1,"{'semana': 'Sábado y Domingo: Cerrado<br>', 'dia': 'Viernes: Cerrado', 'turno': ''}"
3922,AHUMADA,guillermo ulriksen 3128,4,30,+560226313152,1,"{'semana': 'Lunes - Domingo: 09:00 a 22:00 hrs.<br>Festivos: 09:00 a 22:00 hrs.<br>', 'dia': 'Viernes: 09:00 a 22:00 hrs.<br>', 'turno': ''}"
3588,AHUMADA,cordovez 651,4,30,,1,"{'semana': 'Lunes - Viernes: 08:30 a 23:00 hrs.<br>Sábado: 09:00 a 23:30 hrs.<br>Domingo: 00:00 a 00:00 hrs.<br>Festivos: 00:00 a 00:00 hrs.<br>', 'dia': 'Viernes: 08:30 a 23:00 hrs.<br>', 'turno': ''}"
3589,AHUMADA,brasil 765,4,30,+56232740574,1,"{'semana': 'Lunes - Sábado: 08:30 a 22:30 hrs.<br>Domingo: 09:00 a 21:00 hrs.<br>Festivos: 09:00 a 21:00 hrs.<br>', 'dia': 'Viernes: 08:30 a 22:30 hrs.<br>', 'turno': ''}"
3247,AHUMADA,21 de mayo 359,15,1,+562256659,1,"{'semana': 'Lunes - Viernes: 09:00 a 19:00 hrs.<br>Sábado: 10:00 a 16:00 hrs.<br>Domingo: Cerrado<br>', 'dia': 'Viernes: 09:00 a 19:00 hrs.<br>', 'turno': ''}"
3590,AHUMADA,balmaceda 3463,4,30,,1,"{'semana': 'Lunes - Sábado: 09:00 a 24:00 hrs.<br>Domingo: 10:00 a 23:00 hrs.<br>Festivos: 10:00 a 23:00 hrs.<br>', 'dia': 'Viernes: 09:00 a 24:00 hrs.<br>', 'turno': ''}"
3252,AHUMADA,18 de septiembre 1402,15,1,+562231724,1,"{'semana': 'Lunes - Viernes: 09:00 a 21:00 hrs.<br>Sábado: 10:00 a 21:00 hrs.<br>Domingo: 10:00 a 20:00 hrs.<br>Festivos: 10:00 a 20:00 hrs.<br>', 'dia': 'Viernes: 09:00 a 21:00 hrs.<br>', 'turno': ''}"
3592,AHUMADA,a. solari 1400 local a-158 a-161,4,30,,1,"{'semana': 'Lunes - Domingo: 10:30 a 22:00 hrs.<br>Festivos: 10:30 a 22:00 hrs.<br>', 'dia': 'Viernes: 10:30 a 22:00 hrs.<br>', 'turno': ''}"
8070,AMAUTA,21 de mayo 780,15,1,+56982933803,0,"{'semana': 'Lunes - Viernes: 07:15 a 21:00 hrs.<br>Domingo: 10:30 a 17:00 hrs.<br>Sábado: Cerrado<br>Festivos: 10:30 a 17:00 hrs.<br>', 'dia': 'Viernes: 07:15 a 21:00 hrs.<br>', 'turno': ''}"
4580,ANGEL,21 de mayo 632,15,1,+56582431036,0,"{'semana': 'Lunes - Viernes: 10:30 a 20:30 hrs.<br>Sábado: 11:00 a 20:00 hrs.<br>Domingo: Cerrado<br>', 'dia': 'Viernes: 10:30 a 20:30 hrs.<br>', 'turno': ''}"
9136,ARUMI,21 de mayo 200,15,1,+56941146540,0,"{'semana': 'Lunes - Viernes: 09:00 a 19:00 hrs.<br>Sábado: 10:00 a 15:00 hrs.<br>Domingo: Cerrado<br>', 'dia': 'Viernes: 09:00 a 19:00 hrs.<br>', 'turno': ''}"
5464,ARUMI,"juan de dios flores 1281, local 48",15,1,+56944809504,0,"{'semana': 'Lunes - Viernes: 09:00 a 18:00 hrs.<br>Sábado: 10:00 a 15:00 hrs.<br>Domingo: Cerrado<br>', 'dia': 'Viernes: 09:00 a 18:00 hrs.<br>', 'turno': ''}"
7605,ATIKA,"doctor juan noe 701 - 711, oficina 1",15,1,,0,"{'semana': 'Lunes - Viernes: 10:00 a 18:00 hrs.<br>Sábado: 10:00 a 15:00 hrs.<br>Domingo: Cerrado<br>', 'dia': 'Viernes: 10:00 a 18:00 hrs.<br>', 'turno': ''}"
3303,BOTICA NILSSON 1,balmaceda 674,4,30,+562211133,0,"{'semana': 'Lunes - Viernes: 09:00 a 14:00 y 16:00 a 21:00 hrs.<br>Sábado: 09:00 a 14:00 y 17:00 a 22:00 hrs.<br>Domingo: Cerrado<br>', 'dia': 'Viernes: 09:00 a 14:00 y 16:00 a 21:00 hrs.<br>', 'turno': ''}"
5036,BRUNOFARMA,lautaro 1042,15,1,+562252065,1,"{'semana': 'Lunes - Viernes: 10:00 a 20:00 hrs.<br>Sábado: 11:00 a 19:00 hrs.<br>Domingo: 10:00 a 15:00 hrs.<br>Festivos: 10:00 a 15:00 hrs.<br>', 'dia': 'Viernes: 10:00 a 20:00 hrs.<br>', 'turno': ''}"
6920,CALIDAD TOTAL,tucapel 2324,15,1,,0,"{'semana': 'Lunes - Viernes: 10:00 a 14:00 y 17:00 a 20:00 hrs.<br>Sábado: 10:30 a 14:30 hrs.<br>Domingo: Cerrado<br>', 'dia': 'Viernes: 10:00 a 14:00 y 17:00 a 20:00 hrs.<br>', 'turno': ''}"
4456,CAPSULA FARMA,aníbal pinto 1514,15,1,,0,"{'semana': 'Lunes - Sábado: 10:30 a 13:00 y 17:00 a 21:30 hrs.<br>Domingo: 10:30 a 13:00 y 20:00 a 21:30 hrs.<br>', 'dia': 'Viernes: 10:30 a 13:00 y 17:00 a 21:30 hrs.<br>', 'turno': ''}"
9380,COLÓN,chacabuco 320,15,1,+56+569922495362,0,"{'semana': 'Lunes - Sábado: 08:00 a 14:00 y 15:00 a 23:00 hrs.<br>Domingo: Cerrado<br>Festivos: 09:00 a 14:00 y 15:00 a 23:00 hrs.<br>', 'dia': 'Viernes: 08:00 a 14:00 y 15:00 a 23:00 hrs.<br>', 'turno': ''}"
3386,CONCEPCION,cristóbal colón 517,15,1,+562232180,0,"{'semana': 'Lunes - Sábado: 09:00 a 14:00 y 17:00 a 22:00 hrs.<br>Domingo: Cerrado<br>', 'dia': 'Viernes: 09:00 a 14:00 y 17:00 a 22:00 hrs.<br>', 'turno': ''}"
